PREF,CITY,SCHOOL_CODE,PREF_NAME,GST_NAME,CSS_NAME,SCHOOL_NAME,S_NAME,SURVEY_DATE,SELECT_TOTAL_GENDER,POPULATION,0_years,1_years,2_years,3_years,4_years,5_years,6_years,7_years,8_years,9_years,10_years,11_years,12_years,13_years,14_years,15_years,16_years,17_years,18_years,19_years,20_years,21_years,22_years,23_years,24_years,25_years,26_years,27_years,28_years,29_years,30_years,31_years,32_years,33_years,34_years,35_years,36_years,37_years,38_years,39_years,40_years,41_years,42_years,43_years,44_years,45_years,46_years,47_years,48_years,49_years,50_years,51_years,52_years,53_years,54_years,55_years,56_years,57_years,58_years,59_years,60_years,61_years,62_years,63_years,64_years,65_years,66_years,67_years,68_years,69_years,70_years,71_years,72_years,73_years,74_years,75_years,76_years,77_years,78_years,79_years,80_years,81_years,82_years,83_years,84_years,85_years,86_years,87_years,88_years,89_years,90_years,91_years,92_years,93_years,94_years,95_years,96_years,97_years,98_years,99_years,100_and_over,unknown,0to4_years,5to9_years,10to14_years,15to19_years,20to24_years,25to29_years,30to34_years,35to39_years,40to44_years,45to49_years,50to54_years,55to59_years,60to64_years,65to69_years,70to74_years,75to79_years,80to84_years,85to89_years,90to94_years,95to99_years,under_15_years,15to64_years,65_and_over,75_and_over,household,REMARKS
22,221007,1,静岡県,静岡市,葵区,葵,,2023/12/31,総数," 11,837 ", 59 , 68 , 58 , 67 , 81 , 69 , 87 , 99 , 104 , 99 , 117 , 95 , 95 , 104 , 78 , 87 , 94 , 91 , 79 , 76 , 83 , 76 , 79 , 136 , 128 , 127 , 150 , 119 , 120 , 125 , 90 , 111 , 113 , 95 , 106 , 114 , 123 , 135 , 141 , 137 , 155 , 136 , 154 , 165 , 156 , 171 , 150 , 181 , 168 , 179 , 224 , 187 , 211 , 191 , 175 , 192 , 205 , 126 , 174 , 140 , 171 , 121 , 155 , 134 , 170 , 154 , 147 , 142 , 131 , 128 , 145 , 161 , 161 , 161 , 212 , 186 , 177 , 115 , 116 , 145 , 124 , 138 , 119 , 130 , 80 , 85 , 95 , 80 , 79 , 58 , 63 , 59 , 52 , 51 , 47 , 29 , 15 , 10 , 8 , 10 , 18 , 0 , 333 , 458 , 489 , 427 , 502 , 641 , 515 , 650 , 766 , 849 , 988 , 837 , 751 , 702 , 840 , 739 , 591 , 397 , 272 , 72 ," 1,280 "," 6,926 "," 3,631 "," 2,089 "," 6,419 ",
22,221007,3,静岡県,静岡市,葵区,新通,,2023/12/31,総数," 8,340 ", 22 , 31 , 31 , 31 , 32 , 41 , 38 , 63 , 55 , 50 , 46 , 45 , 57 , 52 , 51 , 42 , 56 , 48 , 47 , 69 , 67 , 71 , 65 , 117 , 137 , 143 , 120 , 116 , 105 , 95 , 90 , 109 , 79 , 82 , 78 , 85 , 83 , 87 , 89 , 111 , 90 , 77 , 87 , 101 , 109 , 111 , 105 , 102 , 134 , 120 , 144 , 130 , 125 , 126 , 133 , 131 , 132 , 89 , 134 , 112 , 136 , 122 , 121 , 89 , 111 , 109 , 100 , 112 , 128 , 116 , 126 , 121 , 131 , 121 , 148 , 136 , 138 , 76 , 78 , 93 , 107 , 98 , 80 , 86 , 82 , 62 , 59 , 48 , 50 , 58 , 34 , 24 , 26 , 15 , 19 , 11 , 11 , 13 , 4 , 6 , 7 , 0 , 147 , 247 , 251 , 262 , 457 , 579 , 438 , 455 , 464 , 572 , 658 , 598 , 579 , 565 , 647 , 521 , 453 , 277 , 118 , 45 , 645 ," 5,062 "," 2,633 "," 1,421 "," 4,805 ",
22,221007,4,静岡県,静岡市,葵区,駒形,,2023/12/31,総数," 6,357 ", 44 , 32 , 28 , 46 , 36 , 42 , 41 , 45 , 45 , 51 , 43 , 36 , 42 , 41 , 40 , 41 , 35 , 34 , 34 , 41 , 49 , 60 , 60 , 69 , 64 , 58 , 72 , 73 , 61 , 73 , 64 , 59 , 61 , 67 , 60 , 81 , 87 , 72 , 74 , 74 , 81 , 77 , 74 , 65 , 64 , 78 , 78 , 87 , 85 , 91 , 93 , 103 , 90 , 102 , 100 , 86 , 88 , 66 , 98 , 80 , 72 , 85 , 78 , 62 , 95 , 109 , 80 , 94 , 104 , 83 , 85 , 85 , 93 , 103 , 120 , 102 , 114 , 66 , 63 , 79 , 75 , 70 , 80 , 51 , 53 , 54 , 53 , 54 , 47 , 41 , 33 , 35 , 17 , 22 , 17 , 17 , 13 , 9 , 11 , 1 , 11 , 0 , 186 , 224 , 202 , 185 , 302 , 337 , 311 , 388 , 361 , 419 , 488 , 418 , 392 , 470 , 486 , 424 , 329 , 249 , 124 , 51 , 612 ," 3,601 "," 2,144 "," 1,188 "," 3,330 ",
22,221007,5,静岡県,静岡市,葵区,田町,,2023/12/31,総数," 7,166 ", 28 , 41 , 38 , 39 , 42 , 52 , 65 , 61 , 58 , 64 , 65 , 72 , 65 , 71 , 61 , 60 , 63 , 51 , 68 , 48 , 55 , 53 , 50 , 46 , 62 , 55 , 53 , 51 , 50 , 53 , 50 , 45 , 58 , 53 , 62 , 69 , 67 , 70 , 74 , 91 , 86 , 79 , 100 , 69 , 73 , 93 , 70 , 101 , 94 , 122 , 131 , 99 , 97 , 91 , 101 , 88 , 93 , 79 , 92 , 90 , 110 , 104 , 91 , 101 , 96 , 105 , 83 , 89 , 105 , 107 , 100 , 112 , 111 , 115 , 125 , 135 , 137 , 77 , 67 , 92 , 67 , 102 , 92 , 78 , 83 , 74 , 71 , 70 , 59 , 62 , 44 , 32 , 26 , 33 , 21 , 26 , 8 , 14 , 7 , 1 , 7 , 0 , 188 , 300 , 334 , 290 , 266 , 262 , 268 , 371 , 407 , 480 , 519 , 442 , 502 , 489 , 563 , 508 , 422 , 336 , 156 , 56 , 822 ," 3,807 "," 2,537 "," 1,485 "," 3,368 ",
22,221007,6,静岡県,静岡市,葵区,番町,,2023/12/31,総数," 10,643 ", 60 , 55 , 71 , 67 , 62 , 65 , 68 , 78 , 80 , 83 , 96 , 84 , 123 , 91 , 93 , 98 , 84 , 85 , 69 , 80 , 83 , 74 , 74 , 89 , 83 , 72 , 112 , 102 , 93 , 84 , 84 , 89 , 109 , 98 , 113 , 113 , 109 , 119 , 127 , 155 , 143 , 142 , 144 , 133 , 156 , 145 , 149 , 159 , 167 , 147 , 185 , 177 , 152 , 152 , 162 , 131 , 162 , 105 , 152 , 148 , 130 , 137 , 114 , 125 , 109 , 128 , 147 , 134 , 147 , 130 , 133 , 155 , 138 , 185 , 189 , 184 , 148 , 103 , 108 , 133 , 128 , 125 , 118 , 103 , 92 , 88 , 89 , 77 , 75 , 80 , 66 , 44 , 46 , 27 , 27 , 30 , 22 , 16 , 13 , 5 , 10 , 0 , 315 , 374 , 487 , 416 , 403 , 463 , 493 , 623 , 718 , 767 , 828 , 698 , 615 , 686 , 800 , 676 , 566 , 409 , 210 , 86 ," 1,176 "," 6,024 "," 3,443 "," 1,957 "," 5,338 ",
22,221007,8,静岡県,静岡市,葵区,安西,,2023/12/31,総数," 7,320 ", 44 , 40 , 38 , 46 , 39 , 46 , 53 , 51 , 55 , 63 , 46 , 46 , 59 , 54 , 62 , 49 , 67 , 58 , 53 , 46 , 60 , 49 , 73 , 53 , 56 , 54 , 60 , 50 , 53 , 60 , 63 , 53 , 66 , 53 , 46 , 73 , 67 , 70 , 99 , 81 , 84 , 76 , 75 , 81 , 77 , 83 , 90 , 86 , 98 , 116 , 105 , 124 , 101 , 100 , 110 , 86 , 118 , 79 , 108 , 103 , 97 , 98 , 101 , 99 , 115 , 118 , 112 , 125 , 90 , 99 , 108 , 108 , 137 , 120 , 160 , 139 , 147 , 80 , 71 , 97 , 101 , 92 , 90 , 82 , 50 , 57 , 69 , 67 , 52 , 65 , 48 , 29 , 25 , 30 , 24 , 22 , 13 , 9 , 8 , 3 , 9 , 0 , 207 , 268 , 267 , 273 , 291 , 277 , 281 , 390 , 393 , 473 , 540 , 494 , 510 , 544 , 633 , 534 , 415 , 310 , 156 , 55 , 742 ," 3,922 "," 2,656 "," 1,479 "," 3,655 ",
22,221007,9,静岡県,静岡市,葵区,伝馬町,,2023/12/31,総数," 8,794 ", 44 , 45 , 46 , 43 , 47 , 56 , 65 , 56 , 55 , 53 , 73 , 46 , 59 , 64 , 75 , 67 , 78 , 51 , 72 , 61 , 58 , 88 , 100 , 123 , 138 , 115 , 120 , 113 , 90 , 93 , 87 , 93 , 85 , 104 , 91 , 92 , 86 , 92 , 109 , 100 , 76 , 112 , 106 , 113 , 115 , 120 , 121 , 126 , 124 , 115 , 140 , 147 , 146 , 155 , 142 , 133 , 163 , 98 , 130 , 133 , 116 , 96 , 101 , 123 , 103 , 116 , 109 , 99 , 110 , 103 , 103 , 106 , 117 , 129 , 133 , 130 , 131 , 87 , 75 , 105 , 101 , 90 , 76 , 96 , 51 , 66 , 70 , 67 , 62 , 40 , 46 , 39 , 33 , 25 , 25 , 20 , 21 , 9 , 7 , 3 , 7 , 0 , 225 , 285 , 317 , 329 , 507 , 531 , 460 , 479 , 522 , 606 , 730 , 657 , 539 , 537 , 588 , 528 , 414 , 305 , 168 , 60 , 827 ," 5,360 "," 2,607 "," 1,482 "," 4,863 ",
22,221007,10,静岡県,静岡市,葵区,横内,,2023/12/31,総数," 12,468 ", 44 , 84 , 93 , 97 , 101 , 105 , 102 , 137 , 129 , 133 , 106 , 121 , 131 , 123 , 138 , 123 , 129 , 107 , 116 , 111 , 114 , 100 , 108 , 116 , 94 , 90 , 99 , 89 , 73 , 104 , 66 , 95 , 98 , 120 , 110 , 133 , 124 , 129 , 141 , 139 , 161 , 135 , 162 , 137 , 168 , 167 , 178 , 162 , 195 , 188 , 203 , 186 , 189 , 168 , 172 , 196 , 200 , 128 , 176 , 184 , 163 , 175 , 144 , 161 , 179 , 166 , 157 , 151 , 154 , 166 , 159 , 157 , 190 , 174 , 196 , 197 , 176 , 128 , 104 , 140 , 125 , 150 , 127 , 110 , 67 , 97 , 99 , 76 , 104 , 67 , 56 , 66 , 57 , 47 , 45 , 29 , 21 , 26 , 10 , 9 , 16 , 0 , 419 , 606 , 619 , 586 , 532 , 455 , 489 , 666 , 763 , 890 , 918 , 884 , 822 , 794 , 876 , 745 , 579 , 443 , 271 , 95 ," 1,644 "," 7,005 "," 3,819 "," 2,149 "," 5,727 ",
22,221007,11,静岡県,静岡市,葵区,安東,,2023/12/31,総数," 12,949 ", 75 , 88 , 74 , 83 , 115 , 118 , 110 , 115 , 148 , 139 , 127 , 130 , 155 , 145 , 164 , 145 , 167 , 147 , 131 , 123 , 107 , 127 , 108 , 107 , 93 , 101 , 79 , 97 , 119 , 77 , 117 , 105 , 113 , 105 , 95 , 128 , 135 , 135 , 154 , 142 , 169 , 174 , 172 , 174 , 169 , 179 , 168 , 165 , 207 , 195 , 237 , 210 , 228 , 181 , 203 , 210 , 208 , 143 , 198 , 188 , 175 , 179 , 196 , 191 , 202 , 155 , 161 , 152 , 168 , 125 , 156 , 139 , 135 , 140 , 175 , 162 , 161 , 101 , 90 , 128 , 127 , 112 , 118 , 107 , 81 , 85 , 96 , 85 , 92 , 77 , 73 , 70 , 56 , 42 , 37 , 25 , 16 , 9 , 10 , 9 , 10 , 0 , 435 , 630 , 721 , 713 , 542 , 473 , 535 , 694 , 858 , 914 ," 1,059 ", 947 , 943 , 761 , 745 , 642 , 545 , 435 , 278 , 69 ," 1,786 "," 7,678 "," 3,485 "," 1,979 "," 5,790 ",
22,221007,12,静岡県,静岡市,葵区,城北,,2023/12/31,総数," 11,772 ", 57 , 64 , 80 , 68 , 68 , 86 , 75 , 88 , 89 , 99 , 114 , 86 , 111 , 99 , 113 , 104 , 111 , 132 , 109 , 117 , 114 , 107 , 101 , 92 , 105 , 108 , 95 , 109 , 90 , 92 , 92 , 89 , 101 , 94 , 111 , 106 , 102 , 97 , 132 , 123 , 130 , 153 , 123 , 142 , 163 , 167 , 178 , 180 , 185 , 178 , 217 , 174 , 188 , 201 , 174 , 191 , 196 , 126 , 194 , 189 , 178 , 171 , 168 , 161 , 168 , 152 , 154 , 140 , 161 , 111 , 144 , 137 , 158 , 171 , 191 , 194 , 189 , 120 , 108 , 127 , 141 , 143 , 137 , 103 , 103 , 79 , 79 , 84 , 81 , 52 , 66 , 61 , 55 , 30 , 18 , 21 , 11 , 8 , 5 , 9 , 4 , 0 , 337 , 437 , 523 , 573 , 519 , 494 , 487 , 560 , 711 , 888 , 954 , 896 , 846 , 718 , 801 , 738 , 627 , 375 , 230 , 54 ," 1,297 "," 6,928 "," 3,547 "," 2,028 "," 5,429 ",
22,221007,13,静岡県,静岡市,葵区,竜南,,2023/12/31,総数," 13,218 ", 89 , 94 , 103 , 102 , 103 , 98 , 124 , 106 , 117 , 118 , 119 , 109 , 127 , 116 , 115 , 121 , 101 , 133 , 105 , 104 , 113 , 120 , 136 , 113 , 116 , 120 , 138 , 115 , 121 , 137 , 132 , 145 , 138 , 136 , 130 , 139 , 133 , 146 , 170 , 166 , 183 , 163 , 185 , 192 , 163 , 164 , 172 , 181 , 188 , 187 , 211 , 221 , 194 , 195 , 192 , 211 , 211 , 156 , 230 , 198 , 198 , 183 , 184 , 182 , 171 , 147 , 164 , 143 , 194 , 156 , 152 , 143 , 139 , 159 , 179 , 185 , 164 , 110 , 115 , 117 , 142 , 125 , 125 , 120 , 107 , 99 , 86 , 83 , 85 , 70 , 69 , 60 , 49 , 46 , 34 , 26 , 17 , 9 , 9 , 5 , 2 , 0 , 491 , 563 , 586 , 564 , 598 , 631 , 681 , 754 , 886 , 892 ," 1,013 "," 1,006 ", 918 , 804 , 772 , 691 , 619 , 423 , 258 , 66 ," 1,640 "," 7,943 "," 3,635 "," 2,059 "," 6,155 ",
22,221007,14,静岡県,静岡市,葵区,千代田,,2023/12/31,総数," 13,901 ", 84 , 102 , 97 , 104 , 85 , 108 , 113 , 112 , 109 , 117 , 124 , 114 , 139 , 140 , 139 , 130 , 135 , 132 , 125 , 119 , 136 , 125 , 149 , 136 , 137 , 158 , 137 , 143 , 146 , 172 , 164 , 168 , 161 , 164 , 133 , 147 , 165 , 144 , 162 , 177 , 169 , 172 , 154 , 183 , 181 , 190 , 201 , 194 , 216 , 218 , 264 , 261 , 233 , 234 , 226 , 224 , 247 , 139 , 234 , 233 , 167 , 143 , 188 , 188 , 168 , 161 , 139 , 136 , 157 , 125 , 139 , 148 , 166 , 162 , 181 , 183 , 191 , 101 , 84 , 132 , 146 , 136 , 134 , 124 , 86 , 82 , 105 , 84 , 67 , 70 , 64 , 53 , 44 , 28 , 25 , 20 , 12 , 19 , 7 , 4 , 7 , 0 , 472 , 559 , 656 , 641 , 683 , 756 , 790 , 795 , 859 ," 1,019 "," 1,218 "," 1,077 ", 854 , 718 , 796 , 691 , 626 , 408 , 214 , 62 ," 1,687 "," 8,692 "," 3,522 "," 2,008 "," 6,583 ",
22,221007,15,静岡県,静岡市,葵区,千代田東,,2023/12/31,総数," 13,345 ", 86 , 89 , 95 , 74 , 77 , 84 , 101 , 90 , 120 , 109 , 92 , 105 , 113 , 119 , 100 , 108 , 98 , 109 , 100 , 122 , 87 , 111 , 115 , 132 , 136 , 153 , 143 , 162 , 142 , 136 , 136 , 137 , 119 , 140 , 132 , 151 , 143 , 145 , 159 , 138 , 175 , 172 , 160 , 178 , 156 , 182 , 179 , 179 , 191 , 193 , 216 , 198 , 214 , 193 , 207 , 186 , 226 , 135 , 177 , 166 , 163 , 169 , 160 , 168 , 165 , 172 , 146 , 150 , 162 , 189 , 196 , 146 , 199 , 208 , 220 , 275 , 187 , 130 , 114 , 144 , 185 , 146 , 166 , 143 , 106 , 102 , 121 , 94 , 70 , 76 , 55 , 37 , 49 , 33 , 28 , 31 , 20 , 12 , 5 , 7 , 5 , 0 , 421 , 504 , 529 , 537 , 581 , 736 , 664 , 736 , 841 , 924 ," 1,028 ", 890 , 825 , 819 , 969 , 850 , 746 , 463 , 202 , 75 ," 1,454 "," 7,762 "," 4,129 "," 2,341 "," 6,427 ",
22,221007,16,静岡県,静岡市,葵区,麻機,,2023/12/31,総数," 9,300 ", 46 , 44 , 51 , 50 , 47 , 53 , 73 , 59 , 54 , 63 , 67 , 71 , 62 , 83 , 72 , 76 , 77 , 91 , 87 , 87 , 64 , 71 , 68 , 68 , 52 , 56 , 46 , 43 , 60 , 56 , 59 , 74 , 81 , 83 , 54 , 78 , 106 , 80 , 97 , 74 , 90 , 125 , 79 , 118 , 100 , 125 , 120 , 142 , 124 , 148 , 147 , 135 , 137 , 135 , 111 , 116 , 128 , 88 , 137 , 111 , 104 , 110 , 100 , 113 , 118 , 125 , 117 , 126 , 137 , 148 , 148 , 195 , 191 , 208 , 211 , 249 , 221 , 127 , 109 , 150 , 161 , 147 , 133 , 108 , 99 , 75 , 102 , 67 , 63 , 41 , 40 , 49 , 24 , 25 , 14 , 17 , 12 , 3 , 6 , 4 , 4 , 0 , 238 , 302 , 355 , 418 , 323 , 261 , 351 , 435 , 512 , 659 , 665 , 580 , 545 , 653 , 953 , 856 , 648 , 348 , 152 , 42 , 895 ," 4,749 "," 3,656 "," 2,050 "," 4,338 ",
22,221007,17,静岡県,静岡市,葵区,西奈南,,2023/12/31,総数," 13,164 ", 92 , 101 , 90 , 112 , 104 , 107 , 92 , 107 , 84 , 118 , 124 , 105 , 129 , 131 , 124 , 117 , 121 , 122 , 113 , 109 , 159 , 117 , 133 , 142 , 156 , 118 , 155 , 148 , 152 , 137 , 148 , 140 , 132 , 158 , 152 , 144 , 149 , 159 , 155 , 166 , 170 , 159 , 163 , 173 , 192 , 200 , 185 , 203 , 224 , 243 , 259 , 238 , 236 , 196 , 180 , 205 , 146 , 118 , 151 , 147 , 135 , 111 , 154 , 123 , 113 , 123 , 136 , 121 , 128 , 125 , 129 , 164 , 142 , 193 , 196 , 235 , 221 , 135 , 122 , 188 , 151 , 164 , 126 , 137 , 85 , 94 , 102 , 76 , 74 , 44 , 52 , 41 , 26 , 25 , 17 , 13 , 9 , 9 , 5 , 2 , 8 , 0 , 499 , 508 , 613 , 582 , 707 , 710 , 730 , 773 , 857 ," 1,055 "," 1,109 ", 767 , 636 , 633 , 824 , 901 , 663 , 390 , 161 , 38 ," 1,620 "," 7,926 "," 3,618 "," 2,161 "," 6,177 ",
22,221007,18,静岡県,静岡市,葵区,西奈,,2023/12/31,総数," 13,626 ", 73 , 90 , 94 , 109 , 94 , 133 , 111 , 115 , 123 , 123 , 123 , 109 , 145 , 130 , 138 , 147 , 143 , 134 , 141 , 123 , 130 , 134 , 134 , 137 , 115 , 132 , 137 , 108 , 132 , 130 , 115 , 112 , 131 , 126 , 134 , 126 , 158 , 162 , 137 , 166 , 177 , 162 , 176 , 150 , 159 , 181 , 190 , 227 , 229 , 244 , 235 , 241 , 196 , 208 , 208 , 186 , 202 , 143 , 177 , 169 , 165 , 145 , 168 , 157 , 136 , 158 , 158 , 149 , 139 , 156 , 173 , 193 , 205 , 202 , 228 , 209 , 233 , 140 , 126 , 172 , 182 , 143 , 163 , 141 , 107 , 90 , 87 , 73 , 52 , 50 , 51 , 38 , 30 , 23 , 22 , 13 , 12 , 8 , 3 , 4 , 8 , 0 , 460 , 605 , 645 , 688 , 650 , 639 , 618 , 749 , 824 ," 1,071 "," 1,088 ", 877 , 771 , 760 ," 1,001 ", 880 , 736 , 352 , 164 , 40 ," 1,710 "," 7,975 "," 3,941 "," 2,180 "," 6,282 ",
22,221007,19,静岡県,静岡市,葵区,北沼上,,2023/12/31,総数, 996 , 4 , 4 , 4 , 4 , 4 , 1 , 3 , 4 , 1 , 6 , 3 , 8 , 5 , 11 , 5 , 9 , 6 , 13 , 10 , 2 , 5 , 3 , 11 , 4 , 5 , 7 , 8 , 2 , 7 , 8 , 4 , 4 , 5 , 12 , 5 , 8 , 13 , 10 , 8 , 8 , 13 , 10 , 6 , 3 , 14 , 9 , 9 , 10 , 14 , 13 , 16 , 9 , 15 , 10 , 9 , 7 , 15 , 3 , 14 , 13 , 15 , 14 , 14 , 13 , 24 , 17 , 11 , 21 , 18 , 16 , 23 , 18 , 14 , 25 , 26 , 26 , 25 , 12 , 18 , 13 , 14 , 17 , 22 , 15 , 11 , 13 , 7 , 8 , 9 , 7 , 9 , 13 , 8 , 4 , 9 , 3 , 4 , 0 , 2 , 2 , 0 , 0 , 20 , 15 , 32 , 40 , 28 , 32 , 30 , 47 , 46 , 55 , 59 , 52 , 80 , 83 , 106 , 94 , 79 , 44 , 43 , 11 , 67 , 469 , 460 , 271 , 464 ,
22,221007,20,静岡県,静岡市,葵区,井宮,,2023/12/31,総数," 8,963 ", 67 , 68 , 64 , 63 , 74 , 67 , 56 , 75 , 50 , 78 , 66 , 90 , 77 , 92 , 77 , 83 , 77 , 82 , 92 , 72 , 77 , 66 , 79 , 76 , 77 , 78 , 85 , 68 , 74 , 97 , 89 , 90 , 81 , 96 , 88 , 98 , 96 , 109 , 99 , 88 , 92 , 103 , 91 , 101 , 118 , 121 , 113 , 139 , 120 , 126 , 115 , 151 , 140 , 127 , 152 , 138 , 155 , 119 , 145 , 137 , 122 , 113 , 119 , 119 , 127 , 103 , 90 , 98 , 109 , 93 , 124 , 104 , 105 , 120 , 145 , 146 , 108 , 57 , 79 , 107 , 112 , 108 , 116 , 110 , 82 , 76 , 82 , 58 , 78 , 36 , 59 , 43 , 26 , 17 , 27 , 27 , 12 , 9 , 6 , 3 , 4 , 0 , 336 , 326 , 402 , 406 , 375 , 402 , 444 , 490 , 505 , 619 , 685 , 694 , 600 , 493 , 598 , 497 , 528 , 330 , 172 , 57 ," 1,064 "," 5,220 "," 2,679 "," 1,588 "," 4,214 ",
22,221007,21,静岡県,静岡市,葵区,井宮北,,2023/12/31,総数," 9,115 ", 50 , 56 , 54 , 54 , 64 , 67 , 64 , 87 , 78 , 68 , 72 , 84 , 72 , 71 , 86 , 85 , 77 , 72 , 73 , 79 , 90 , 77 , 75 , 66 , 76 , 78 , 77 , 105 , 70 , 111 , 105 , 98 , 99 , 77 , 81 , 103 , 104 , 92 , 93 , 135 , 92 , 110 , 106 , 105 , 120 , 111 , 102 , 114 , 106 , 139 , 148 , 157 , 158 , 125 , 115 , 140 , 145 , 106 , 164 , 139 , 128 , 113 , 123 , 125 , 123 , 120 , 108 , 119 , 120 , 114 , 129 , 111 , 129 , 129 , 153 , 141 , 136 , 73 , 90 , 99 , 93 , 95 , 98 , 100 , 91 , 86 , 86 , 49 , 60 , 57 , 37 , 46 , 19 , 23 , 20 , 12 , 10 , 11 , 4 , 5 , 3 , 0 , 278 , 364 , 385 , 386 , 384 , 441 , 460 , 527 , 533 , 572 , 703 , 694 , 612 , 581 , 651 , 539 , 477 , 338 , 145 , 42 ," 1,027 "," 5,312 "," 2,776 "," 1,544 "," 4,280 ",
22,221007,22,静岡県,静岡市,葵区,賤機南,,2023/12/31,総数," 11,178 ", 75 , 70 , 93 , 84 , 96 , 95 , 94 , 105 , 103 , 99 , 88 , 102 , 118 , 86 , 104 , 112 , 107 , 119 , 102 , 118 , 107 , 105 , 94 , 112 , 112 , 97 , 118 , 99 , 102 , 121 , 107 , 108 , 109 , 123 , 108 , 110 , 120 , 133 , 138 , 140 , 140 , 160 , 137 , 150 , 140 , 124 , 161 , 161 , 183 , 170 , 184 , 197 , 165 , 183 , 170 , 141 , 170 , 112 , 139 , 138 , 152 , 128 , 120 , 134 , 114 , 123 , 109 , 118 , 116 , 145 , 141 , 146 , 152 , 170 , 164 , 203 , 183 , 91 , 113 , 135 , 133 , 112 , 104 , 122 , 77 , 70 , 98 , 53 , 67 , 45 , 43 , 29 , 28 , 22 , 15 , 11 , 6 , 10 , 7 , 4 , 7 , 0 , 418 , 496 , 498 , 558 , 530 , 537 , 555 , 641 , 727 , 799 , 899 , 700 , 648 , 611 , 773 , 725 , 548 , 333 , 137 , 38 ," 1,412 "," 6,594 "," 3,172 "," 1,788 "," 4,950 ",
22,221007,23,静岡県,静岡市,葵区,賤機中,,2023/12/31,総数," 1,395 ", 3 , 3 , 5 , 0 , 7 , 4 , 5 , 10 , 5 , 7 , 9 , 9 , 10 , 11 , 14 , 13 , 14 , 14 , 7 , 4 , 16 , 13 , 11 , 12 , 9 , 6 , 9 , 7 , 7 , 8 , 10 , 2 , 9 , 8 , 6 , 10 , 9 , 8 , 11 , 8 , 10 , 17 , 12 , 18 , 19 , 20 , 14 , 19 , 20 , 25 , 21 , 16 , 22 , 29 , 18 , 30 , 23 , 16 , 20 , 18 , 22 , 18 , 20 , 17 , 25 , 18 , 21 , 27 , 19 , 23 , 24 , 25 , 28 , 23 , 40 , 28 , 25 , 22 , 22 , 27 , 27 , 17 , 19 , 27 , 12 , 7 , 13 , 11 , 9 , 11 , 9 , 11 , 7 , 8 , 5 , 5 , 1 , 1 , 1 , 0 , 0 , 0 , 18 , 31 , 53 , 52 , 61 , 37 , 35 , 46 , 76 , 98 , 106 , 107 , 102 , 108 , 140 , 124 , 102 , 51 , 40 , 8 , 102 , 720 , 573 , 325 , 620 ,
22,221007,24,静岡県,静岡市,葵区,賤機北,,2023/12/31,総数, 620 , 2 , 1 , 1 , 2 , 1 , 1 , 3 , 1 , 2 , 2 , 1 , 3 , 1 , 2 , 3 , 5 , 4 , 1 , 7 , 3 , 2 , 3 , 3 , 1 , 0 , 2 , 0 , 5 , 0 , 5 , 1 , 3 , 4 , 6 , 3 , 6 , 4 , 7 , 1 , 6 , 2 , 7 , 4 , 5 , 10 , 9 , 3 , 3 , 7 , 6 , 8 , 6 , 10 , 10 , 4 , 7 , 14 , 7 , 10 , 7 , 14 , 13 , 10 , 14 , 14 , 14 , 6 , 14 , 15 , 8 , 11 , 17 , 17 , 19 , 16 , 16 , 12 , 8 , 10 , 14 , 11 , 11 , 13 , 8 , 8 , 9 , 8 , 7 , 7 , 3 , 7 , 2 , 5 , 1 , 3 , 2 , 0 , 1 , 4 , 1 , 0 , 0 , 7 , 9 , 10 , 20 , 9 , 12 , 17 , 24 , 28 , 28 , 38 , 45 , 65 , 57 , 80 , 60 , 51 , 34 , 18 , 8 , 26 , 286 , 308 , 171 , 295 ,
22,221007,25,静岡県,静岡市,駿河区,森下,,2023/12/31,総数," 9,760 ", 56 , 63 , 64 , 70 , 68 , 70 , 78 , 60 , 67 , 67 , 61 , 68 , 72 , 50 , 60 , 60 , 52 , 56 , 54 , 72 , 63 , 59 , 92 , 116 , 108 , 142 , 122 , 128 , 120 , 122 , 131 , 111 , 121 , 116 , 119 , 100 , 103 , 116 , 103 , 133 , 117 , 124 , 106 , 108 , 120 , 152 , 136 , 122 , 137 , 133 , 162 , 148 , 143 , 147 , 137 , 161 , 160 , 114 , 163 , 128 , 135 , 136 , 134 , 128 , 119 , 133 , 111 , 122 , 120 , 113 , 132 , 131 , 134 , 156 , 160 , 150 , 142 , 81 , 85 , 93 , 93 , 89 , 93 , 92 , 57 , 77 , 68 , 60 , 65 , 64 , 52 , 41 , 45 , 38 , 27 , 30 , 16 , 6 , 7 , 4 , 10 , 0 , 321 , 342 , 311 , 294 , 438 , 634 , 598 , 555 , 575 , 680 , 737 , 726 , 652 , 599 , 713 , 551 , 424 , 334 , 203 , 63 , 974 ," 5,889 "," 2,897 "," 1,585 "," 5,310 ",
22,221007,26,静岡県,静岡市,駿河区,中田,,2023/12/31,総数," 14,097 ", 121 , 93 , 99 , 116 , 113 , 84 , 107 , 93 , 108 , 97 , 110 , 102 , 101 , 109 , 89 , 106 , 109 , 111 , 92 , 115 , 87 , 119 , 132 , 181 , 215 , 202 , 241 , 227 , 194 , 204 , 182 , 183 , 191 , 166 , 192 , 172 , 186 , 197 , 166 , 186 , 154 , 183 , 182 , 170 , 182 , 212 , 198 , 187 , 209 , 215 , 187 , 212 , 215 , 223 , 220 , 234 , 210 , 149 , 174 , 191 , 167 , 154 , 185 , 154 , 177 , 156 , 177 , 163 , 180 , 174 , 152 , 165 , 161 , 138 , 196 , 206 , 169 , 108 , 87 , 124 , 134 , 132 , 109 , 101 , 103 , 88 , 91 , 84 , 79 , 79 , 56 , 56 , 55 , 34 , 21 , 21 , 25 , 12 , 9 , 5 , 5 , 0 , 542 , 489 , 511 , 533 , 734 ," 1,068 ", 914 , 907 , 871 ," 1,021 "," 1,057 ", 958 , 837 , 850 , 812 , 694 , 579 , 421 , 222 , 72 ," 1,542 "," 8,900 "," 3,655 "," 1,993 "," 7,312 ",
22,221007,27,静岡県,静岡市,駿河区,南部,,2023/12/31,総数," 9,015 ", 53 , 58 , 61 , 63 , 62 , 56 , 89 , 67 , 77 , 68 , 73 , 69 , 68 , 77 , 86 , 68 , 77 , 81 , 64 , 56 , 59 , 69 , 71 , 86 , 101 , 89 , 104 , 85 , 84 , 87 , 86 , 97 , 107 , 90 , 84 , 94 , 115 , 117 , 105 , 123 , 113 , 129 , 109 , 105 , 104 , 101 , 112 , 118 , 126 , 129 , 123 , 141 , 142 , 128 , 126 , 133 , 142 , 91 , 167 , 111 , 119 , 107 , 120 , 119 , 120 , 130 , 103 , 114 , 114 , 96 , 115 , 122 , 134 , 131 , 119 , 130 , 108 , 81 , 79 , 128 , 89 , 92 , 118 , 108 , 69 , 64 , 80 , 77 , 66 , 42 , 47 , 44 , 31 , 29 , 26 , 25 , 13 , 7 , 5 , 3 , 15 , 0 , 297 , 357 , 373 , 346 , 386 , 449 , 464 , 554 , 560 , 586 , 660 , 644 , 585 , 557 , 621 , 526 , 476 , 329 , 177 , 53 ," 1,027 "," 5,234 "," 2,754 "," 1,576 "," 4,366 ",
22,221007,28,静岡県,静岡市,駿河区,富士見,,2023/12/31,総数," 10,596 ", 60 , 70 , 72 , 67 , 83 , 77 , 84 , 96 , 79 , 104 , 92 , 94 , 75 , 75 , 88 , 92 , 83 , 75 , 101 , 72 , 96 , 86 , 98 , 81 , 97 , 81 , 97 , 103 , 98 , 102 , 101 , 89 , 97 , 122 , 109 , 136 , 108 , 110 , 139 , 128 , 115 , 117 , 148 , 123 , 104 , 143 , 127 , 138 , 151 , 141 , 176 , 174 , 175 , 158 , 157 , 198 , 157 , 123 , 159 , 150 , 132 , 129 , 142 , 115 , 130 , 119 , 97 , 109 , 112 , 110 , 126 , 141 , 171 , 162 , 166 , 170 , 165 , 92 , 88 , 149 , 145 , 122 , 118 , 140 , 94 , 100 , 95 , 99 , 87 , 70 , 52 , 41 , 42 , 25 , 30 , 17 , 15 , 8 , 3 , 5 , 12 , 0 , 352 , 440 , 424 , 423 , 458 , 481 , 518 , 621 , 607 , 700 , 840 , 787 , 648 , 547 , 766 , 664 , 619 , 451 , 190 , 48 ," 1,216 "," 6,083 "," 3,297 "," 1,984 "," 5,127 ",
22,221007,29,静岡県,静岡市,駿河区,大里西,,2023/12/31,総数," 11,540 ", 68 , 76 , 68 , 64 , 79 , 76 , 72 , 78 , 92 , 85 , 102 , 97 , 98 , 101 , 133 , 82 , 119 , 118 , 127 , 109 , 100 , 111 , 111 , 139 , 127 , 136 , 117 , 149 , 137 , 113 , 133 , 130 , 101 , 105 , 114 , 113 , 110 , 118 , 140 , 151 , 136 , 128 , 138 , 142 , 155 , 156 , 157 , 171 , 172 , 169 , 203 , 178 , 209 , 196 , 203 , 193 , 211 , 120 , 183 , 171 , 161 , 163 , 148 , 145 , 144 , 122 , 121 , 123 , 125 , 135 , 142 , 148 , 141 , 124 , 145 , 153 , 147 , 92 , 110 , 107 , 115 , 90 , 123 , 106 , 69 , 83 , 81 , 76 , 75 , 64 , 67 , 50 , 45 , 30 , 21 , 13 , 14 , 13 , 8 , 4 , 7 , 0 , 355 , 403 , 531 , 555 , 588 , 652 , 583 , 632 , 699 , 825 , 989 , 878 , 761 , 626 , 700 , 609 , 503 , 379 , 213 , 52 ," 1,289 "," 7,162 "," 3,089 "," 1,763 "," 5,490 ",
22,221007,30,静岡県,静岡市,駿河区,中島,,2023/12/31,総数," 16,379 ", 90 , 101 , 121 , 96 , 102 , 80 , 107 , 111 , 77 , 94 , 111 , 86 , 110 , 127 , 107 , 143 , 128 , 135 , 119 , 148 , 153 , 177 , 175 , 168 , 179 , 205 , 219 , 183 , 225 , 217 , 217 , 190 , 189 , 170 , 189 , 193 , 197 , 167 , 182 , 205 , 180 , 168 , 193 , 188 , 210 , 202 , 228 , 242 , 260 , 272 , 300 , 306 , 283 , 275 , 307 , 285 , 261 , 236 , 246 , 237 , 208 , 180 , 197 , 194 , 201 , 180 , 161 , 180 , 173 , 173 , 209 , 208 , 191 , 273 , 276 , 252 , 215 , 147 , 136 , 200 , 191 , 151 , 152 , 165 , 141 , 123 , 119 , 98 , 83 , 74 , 56 , 56 , 39 , 21 , 21 , 14 , 19 , 15 , 4 , 5 , 6 , 0 , 510 , 469 , 541 , 673 , 852 ," 1,049 ", 955 , 944 , 939 ," 1,204 "," 1,471 "," 1,265 ", 980 , 867 ," 1,157 ", 950 , 800 , 497 , 193 , 57 ," 1,520 "," 10,332 "," 4,527 "," 2,503 "," 8,091 ",
22,221007,31,静岡県,静岡市,駿河区,宮竹,,2023/12/31,総数," 8,892 ", 60 , 68 , 80 , 73 , 77 , 56 , 85 , 71 , 75 , 84 , 71 , 84 , 88 , 77 , 94 , 97 , 107 , 102 , 89 , 103 , 87 , 101 , 107 , 103 , 83 , 120 , 100 , 108 , 106 , 138 , 126 , 109 , 123 , 110 , 115 , 128 , 127 , 113 , 93 , 136 , 134 , 122 , 115 , 118 , 138 , 128 , 133 , 137 , 145 , 161 , 171 , 157 , 136 , 137 , 144 , 155 , 140 , 93 , 136 , 128 , 113 , 79 , 100 , 95 , 99 , 100 , 78 , 100 , 103 , 68 , 97 , 89 , 85 , 86 , 127 , 115 , 107 , 53 , 64 , 77 , 54 , 56 , 54 , 37 , 34 , 29 , 30 , 27 , 26 , 21 , 19 , 16 , 15 , 10 , 7 , 7 , 3 , 6 , 1 , 1 , 2 , 0 , 358 , 371 , 414 , 498 , 481 , 572 , 583 , 597 , 627 , 704 , 745 , 652 , 486 , 449 , 484 , 416 , 235 , 133 , 67 , 18 ," 1,143 "," 5,945 "," 1,804 ", 871 ," 4,227 ",
22,221007,32,静岡県,静岡市,駿河区,大里東,,2023/12/31,総数," 5,257 ", 24 , 31 , 32 , 23 , 30 , 42 , 38 , 23 , 30 , 33 , 45 , 33 , 39 , 40 , 46 , 53 , 46 , 57 , 56 , 49 , 43 , 59 , 49 , 56 , 59 , 58 , 62 , 63 , 72 , 60 , 46 , 56 , 53 , 56 , 48 , 56 , 53 , 50 , 50 , 50 , 51 , 46 , 50 , 56 , 78 , 82 , 66 , 81 , 79 , 88 , 104 , 101 , 113 , 80 , 109 , 74 , 93 , 78 , 78 , 58 , 70 , 75 , 68 , 69 , 57 , 65 , 66 , 66 , 67 , 75 , 75 , 70 , 71 , 81 , 87 , 80 , 66 , 45 , 37 , 52 , 54 , 54 , 44 , 52 , 31 , 30 , 39 , 25 , 28 , 21 , 19 , 22 , 13 , 13 , 8 , 9 , 6 , 6 , 1 , 1 , 5 , 0 , 140 , 166 , 203 , 261 , 266 , 315 , 259 , 259 , 281 , 396 , 507 , 381 , 339 , 339 , 384 , 280 , 235 , 143 , 75 , 23 , 509 ," 3,264 "," 1,484 ", 761 ," 2,497 ",
22,221007,33,静岡県,静岡市,駿河区,西豊田,,2023/12/31,総数," 20,757 ", 119 , 134 , 116 , 166 , 146 , 123 , 160 , 164 , 170 , 177 , 167 , 167 , 164 , 200 , 176 , 154 , 162 , 182 , 146 , 203 , 181 , 242 , 270 , 318 , 275 , 292 , 285 , 234 , 264 , 259 , 234 , 225 , 193 , 206 , 242 , 231 , 206 , 237 , 257 , 280 , 257 , 248 , 284 , 281 , 266 , 267 , 304 , 302 , 314 , 334 , 311 , 354 , 355 , 317 , 350 , 301 , 376 , 216 , 323 , 325 , 319 , 282 , 242 , 246 , 246 , 262 , 231 , 213 , 199 , 216 , 209 , 205 , 236 , 266 , 275 , 257 , 260 , 139 , 162 , 189 , 189 , 198 , 146 , 179 , 145 , 139 , 143 , 121 , 98 , 104 , 90 , 80 , 62 , 60 , 39 , 31 , 13 , 17 , 12 , 10 , 15 , 0 , 681 , 794 , 874 , 847 ," 1,286 "," 1,334 "," 1,100 "," 1,211 "," 1,336 "," 1,521 "," 1,687 "," 1,541 "," 1,335 "," 1,121 "," 1,191 "," 1,007 ", 857 , 605 , 331 , 83 ," 2,349 "," 13,198 "," 5,210 "," 2,898 "," 10,631 ",
22,221007,34,静岡県,静岡市,駿河区,東豊田,,2023/12/31,総数," 15,916 ", 129 , 139 , 149 , 168 , 128 , 155 , 157 , 158 , 148 , 139 , 151 , 114 , 151 , 156 , 120 , 124 , 103 , 117 , 154 , 172 , 195 , 218 , 199 , 286 , 248 , 249 , 226 , 231 , 224 , 243 , 220 , 203 , 229 , 225 , 221 , 209 , 223 , 227 , 197 , 242 , 224 , 229 , 178 , 244 , 220 , 220 , 214 , 238 , 231 , 276 , 224 , 254 , 256 , 211 , 218 , 236 , 226 , 142 , 201 , 192 , 161 , 165 , 149 , 164 , 153 , 148 , 143 , 124 , 158 , 156 , 148 , 137 , 165 , 165 , 190 , 201 , 171 , 102 , 118 , 126 , 134 , 125 , 100 , 94 , 75 , 89 , 65 , 77 , 59 , 48 , 46 , 44 , 38 , 22 , 27 , 15 , 15 , 6 , 5 , 4 , 3 , 0 , 713 , 757 , 692 , 670 ," 1,146 "," 1,173 "," 1,098 "," 1,098 "," 1,095 "," 1,179 "," 1,163 ", 997 , 792 , 729 , 805 , 718 , 528 , 338 , 177 , 45 ," 2,162 "," 10,411 "," 3,343 "," 1,809 "," 8,176 ",
22,221007,35,静岡県,静岡市,駿河区,大谷,,2023/12/31,総数," 8,059 ", 52 , 52 , 58 , 50 , 60 , 62 , 64 , 70 , 61 , 48 , 63 , 69 , 68 , 75 , 64 , 65 , 59 , 52 , 88 , 153 , 165 , 173 , 146 , 143 , 96 , 81 , 103 , 92 , 99 , 97 , 91 , 78 , 81 , 82 , 82 , 82 , 91 , 92 , 86 , 128 , 96 , 95 , 103 , 121 , 92 , 97 , 90 , 105 , 124 , 118 , 109 , 119 , 113 , 102 , 107 , 106 , 98 , 53 , 98 , 91 , 68 , 78 , 86 , 97 , 77 , 77 , 67 , 71 , 86 , 88 , 90 , 100 , 104 , 111 , 126 , 136 , 131 , 73 , 79 , 96 , 103 , 86 , 82 , 67 , 57 , 51 , 39 , 46 , 55 , 35 , 28 , 26 , 18 , 17 , 10 , 12 , 9 , 10 , 3 , 3 , 3 , 0 , 272 , 305 , 339 , 417 , 723 , 472 , 414 , 479 , 507 , 534 , 550 , 446 , 406 , 389 , 531 , 515 , 395 , 226 , 99 , 37 , 916 ," 4,948 "," 2,195 "," 1,275 "," 4,062 ",
22,221007,36,静岡県,静岡市,駿河区,久能,,2023/12/31,総数," 1,299 ", 5 , 1 , 4 , 2 , 4 , 2 , 4 , 2 , 5 , 6 , 6 , 8 , 7 , 8 , 9 , 8 , 7 , 4 , 7 , 9 , 8 , 5 , 9 , 15 , 11 , 6 , 7 , 12 , 8 , 8 , 8 , 12 , 7 , 11 , 7 , 4 , 11 , 8 , 8 , 9 , 15 , 11 , 15 , 3 , 8 , 15 , 10 , 13 , 17 , 14 , 20 , 19 , 11 , 26 , 19 , 21 , 16 , 7 , 28 , 20 , 19 , 21 , 19 , 32 , 19 , 23 , 18 , 34 , 28 , 31 , 30 , 27 , 25 , 32 , 30 , 26 , 26 , 18 , 14 , 16 , 22 , 20 , 25 , 21 , 13 , 14 , 8 , 16 , 12 , 14 , 16 , 7 , 8 , 5 , 8 , 1 , 4 , 2 , 2 , 0 , 3 , 0 , 16 , 19 , 38 , 35 , 48 , 41 , 45 , 40 , 52 , 69 , 95 , 92 , 110 , 134 , 144 , 100 , 101 , 64 , 44 , 9 , 73 , 627 , 599 , 321 , 588 ,
22,221007,37,静岡県,静岡市,駿河区,川原,,2023/12/31,総数," 9,975 ", 64 , 76 , 78 , 70 , 77 , 83 , 70 , 72 , 83 , 67 , 78 , 86 , 83 , 82 , 88 , 89 , 98 , 91 , 93 , 85 , 86 , 97 , 86 , 95 , 112 , 141 , 104 , 100 , 118 , 114 , 109 , 102 , 103 , 91 , 97 , 119 , 126 , 115 , 106 , 112 , 114 , 117 , 124 , 126 , 137 , 141 , 145 , 152 , 150 , 163 , 162 , 169 , 163 , 151 , 163 , 157 , 174 , 110 , 134 , 118 , 112 , 135 , 101 , 100 , 86 , 110 , 107 , 121 , 120 , 93 , 128 , 143 , 177 , 147 , 159 , 161 , 155 , 116 , 82 , 112 , 124 , 116 , 84 , 86 , 75 , 69 , 64 , 60 , 50 , 31 , 32 , 30 , 21 , 12 , 14 , 4 , 8 , 5 , 3 , 1 , 5 , 0 , 365 , 375 , 417 , 456 , 476 , 577 , 502 , 578 , 618 , 751 , 808 , 693 , 534 , 551 , 754 , 626 , 485 , 274 , 109 , 21 ," 1,157 "," 5,993 "," 2,825 "," 1,520 "," 4,728 ",
22,221007,38,静岡県,静岡市,駿河区,長田東,,2023/12/31,総数," 16,779 ", 123 , 119 , 114 , 117 , 123 , 116 , 143 , 131 , 135 , 154 , 150 , 158 , 164 , 151 , 159 , 161 , 151 , 158 , 137 , 147 , 137 , 161 , 142 , 164 , 157 , 169 , 146 , 170 , 148 , 190 , 186 , 170 , 155 , 194 , 176 , 203 , 192 , 170 , 225 , 203 , 186 , 194 , 225 , 197 , 218 , 223 , 201 , 259 , 251 , 307 , 311 , 310 , 285 , 274 , 280 , 292 , 273 , 172 , 208 , 210 , 226 , 178 , 187 , 168 , 181 , 201 , 147 , 151 , 173 , 185 , 183 , 200 , 209 , 232 , 265 , 255 , 269 , 151 , 166 , 216 , 216 , 206 , 176 , 191 , 138 , 104 , 101 , 106 , 113 , 61 , 47 , 54 , 40 , 32 , 27 , 25 , 10 , 11 , 14 , 9 , 10 , 0 , 596 , 679 , 782 , 754 , 761 , 823 , 881 , 993 ," 1,020 "," 1,241 "," 1,460 "," 1,155 ", 940 , 857 ," 1,089 "," 1,057 ", 927 , 485 , 200 , 69 ," 2,057 "," 10,028 "," 4,694 "," 2,748 "," 7,752 ",
22,221007,39,静岡県,静岡市,駿河区,長田南,,2023/12/31,総数," 12,015 ", 40 , 45 , 62 , 54 , 53 , 44 , 73 , 60 , 75 , 70 , 79 , 84 , 102 , 101 , 107 , 99 , 110 , 99 , 98 , 109 , 105 , 94 , 107 , 102 , 122 , 88 , 116 , 93 , 104 , 113 , 85 , 105 , 96 , 123 , 105 , 118 , 114 , 107 , 116 , 113 , 117 , 121 , 134 , 131 , 141 , 172 , 147 , 163 , 181 , 201 , 190 , 220 , 205 , 200 , 206 , 185 , 181 , 123 , 179 , 162 , 165 , 151 , 164 , 142 , 172 , 174 , 162 , 146 , 158 , 158 , 173 , 185 , 205 , 210 , 258 , 253 , 237 , 140 , 113 , 148 , 154 , 156 , 164 , 150 , 107 , 97 , 110 , 91 , 87 , 69 , 59 , 43 , 41 , 29 , 23 , 19 , 17 , 16 , 5 , 2 , 13 , 0 , 254 , 322 , 473 , 515 , 530 , 514 , 514 , 568 , 644 , 864 ," 1,021 ", 830 , 794 , 798 ," 1,031 ", 891 , 731 , 454 , 195 , 59 ," 1,049 "," 6,794 "," 4,172 "," 2,343 "," 5,712 ",
22,221007,40,静岡県,静岡市,駿河区,長田西,,2023/12/31,総数," 13,073 ", 61 , 73 , 65 , 80 , 72 , 75 , 68 , 87 , 102 , 69 , 92 , 107 , 125 , 124 , 105 , 126 , 127 , 103 , 111 , 117 , 115 , 128 , 123 , 127 , 121 , 125 , 121 , 107 , 114 , 125 , 96 , 103 , 110 , 111 , 127 , 113 , 106 , 98 , 114 , 147 , 153 , 129 , 134 , 147 , 140 , 174 , 154 , 184 , 203 , 220 , 234 , 175 , 232 , 211 , 207 , 200 , 193 , 130 , 198 , 169 , 162 , 144 , 138 , 170 , 150 , 160 , 153 , 140 , 147 , 170 , 167 , 177 , 192 , 220 , 253 , 241 , 252 , 153 , 148 , 188 , 196 , 203 , 177 , 180 , 164 , 125 , 122 , 98 , 92 , 78 , 68 , 65 , 49 , 38 , 22 , 21 , 9 , 9 , 6 , 3 , 16 , 0 , 351 , 401 , 553 , 584 , 614 , 592 , 547 , 578 , 703 , 935 ," 1,059 ", 890 , 764 , 770 ," 1,009 ", 982 , 920 , 515 , 242 , 48 ," 1,305 "," 7,266 "," 4,502 "," 2,723 "," 6,173 ",
22,221007,41,静岡県,静岡市,駿河区,長田北,,2023/12/31,総数," 9,649 ", 49 , 56 , 65 , 68 , 74 , 81 , 61 , 83 , 89 , 94 , 84 , 79 , 98 , 93 , 80 , 98 , 76 , 98 , 78 , 100 , 81 , 88 , 90 , 100 , 85 , 88 , 78 , 84 , 79 , 83 , 93 , 83 , 71 , 82 , 68 , 107 , 98 , 107 , 124 , 98 , 113 , 109 , 125 , 132 , 141 , 142 , 121 , 149 , 127 , 167 , 183 , 158 , 154 , 154 , 164 , 156 , 143 , 106 , 138 , 104 , 135 , 118 , 109 , 128 , 102 , 93 , 89 , 100 , 111 , 110 , 141 , 118 , 125 , 139 , 158 , 171 , 145 , 90 , 89 , 125 , 150 , 115 , 94 , 99 , 87 , 74 , 85 , 57 , 57 , 62 , 36 , 41 , 31 , 22 , 19 , 17 , 10 , 8 , 5 , 3 , 4 , 0 , 312 , 408 , 434 , 450 , 444 , 412 , 397 , 534 , 620 , 706 , 813 , 647 , 592 , 503 , 681 , 620 , 545 , 335 , 149 , 43 ," 1,154 "," 5,615 "," 2,880 "," 1,696 "," 4,282 ",
22,221007,42,静岡県,静岡市,葵区,服織,,2023/12/31,総数," 18,306 ", 123 , 142 , 116 , 131 , 134 , 141 , 167 , 157 , 163 , 155 , 159 , 164 , 159 , 195 , 165 , 159 , 184 , 162 , 148 , 168 , 167 , 157 , 143 , 171 , 140 , 172 , 142 , 160 , 164 , 182 , 172 , 167 , 167 , 169 , 183 , 207 , 194 , 232 , 197 , 230 , 227 , 221 , 226 , 210 , 250 , 250 , 254 , 272 , 266 , 309 , 311 , 308 , 281 , 279 , 281 , 280 , 278 , 173 , 264 , 206 , 242 , 216 , 204 , 187 , 190 , 211 , 211 , 221 , 197 , 220 , 232 , 244 , 246 , 290 , 308 , 347 , 302 , 172 , 164 , 238 , 242 , 217 , 234 , 204 , 132 , 131 , 136 , 120 , 91 , 82 , 75 , 65 , 51 , 32 , 21 , 25 , 19 , 12 , 7 , 5 , 9 , 0 , 646 , 783 , 842 , 821 , 778 , 820 , 858 ," 1,060 "," 1,134 "," 1,351 "," 1,460 "," 1,201 "," 1,039 "," 1,060 "," 1,320 "," 1,223 "," 1,029 ", 560 , 244 , 68 ," 2,271 "," 10,522 "," 5,513 "," 3,133 "," 8,294 ",
22,221007,43,静岡県,静岡市,葵区,服織西,,2023/12/31,総数," 2,525 ", 10 , 14 , 15 , 14 , 18 , 19 , 17 , 20 , 24 , 19 , 16 , 18 , 18 , 11 , 20 , 15 , 19 , 14 , 17 , 15 , 24 , 14 , 14 , 20 , 27 , 18 , 19 , 20 , 18 , 24 , 15 , 18 , 14 , 19 , 19 , 23 , 25 , 26 , 24 , 33 , 25 , 16 , 29 , 25 , 30 , 23 , 30 , 26 , 32 , 28 , 35 , 43 , 37 , 53 , 35 , 28 , 49 , 15 , 28 , 29 , 31 , 34 , 42 , 21 , 33 , 35 , 32 , 26 , 39 , 28 , 50 , 45 , 47 , 45 , 61 , 50 , 48 , 35 , 43 , 54 , 49 , 45 , 40 , 39 , 26 , 20 , 28 , 26 , 20 , 10 , 12 , 11 , 12 , 8 , 4 , 5 , 2 , 2 , 1 , 2 , 1 , 0 , 71 , 99 , 83 , 80 , 99 , 99 , 85 , 131 , 125 , 139 , 203 , 149 , 161 , 160 , 248 , 230 , 199 , 104 , 47 , 12 , 253 ," 1,271 "," 1,001 ", 593 ," 1,131 ",
22,221007,44,静岡県,静岡市,葵区,南藁科,,2023/12/31,総数," 3,316 ", 10 , 11 , 22 , 14 , 17 , 26 , 21 , 21 , 24 , 22 , 25 , 18 , 22 , 21 , 20 , 22 , 27 , 22 , 24 , 17 , 16 , 21 , 25 , 29 , 32 , 27 , 25 , 27 , 28 , 22 , 22 , 30 , 39 , 31 , 32 , 35 , 34 , 31 , 32 , 31 , 37 , 45 , 35 , 28 , 31 , 43 , 43 , 44 , 42 , 55 , 43 , 57 , 44 , 40 , 44 , 45 , 47 , 36 , 42 , 42 , 49 , 42 , 43 , 46 , 52 , 49 , 39 , 46 , 45 , 53 , 71 , 55 , 68 , 64 , 67 , 77 , 69 , 32 , 53 , 54 , 52 , 51 , 33 , 46 , 40 , 27 , 26 , 24 , 22 , 19 , 12 , 21 , 15 , 12 , 6 , 4 , 5 , 0 , 3 , 2 , 4 , 0 , 74 , 114 , 106 , 112 , 123 , 129 , 154 , 163 , 176 , 227 , 228 , 212 , 232 , 232 , 325 , 285 , 222 , 118 , 66 , 14 , 294 ," 1,756 "," 1,266 ", 709 ," 1,610 ",
22,221007,45,静岡県,静岡市,葵区,中藁科,,2023/12/31,総数," 2,069 ", 4 , 3 , 3 , 4 , 8 , 7 , 6 , 8 , 9 , 18 , 10 , 13 , 8 , 16 , 11 , 14 , 9 , 14 , 7 , 16 , 19 , 13 , 16 , 15 , 15 , 11 , 10 , 9 , 12 , 12 , 13 , 7 , 3 , 11 , 13 , 12 , 14 , 20 , 18 , 16 , 14 , 21 , 15 , 24 , 24 , 22 , 18 , 21 , 16 , 36 , 20 , 31 , 16 , 16 , 19 , 27 , 24 , 15 , 22 , 18 , 21 , 27 , 29 , 28 , 37 , 30 , 40 , 34 , 38 , 49 , 50 , 47 , 51 , 40 , 61 , 57 , 63 , 24 , 27 , 45 , 46 , 34 , 39 , 39 , 22 , 30 , 25 , 27 , 28 , 17 , 31 , 16 , 9 , 9 , 8 , 10 , 2 , 6 , 2 , 2 , 3 , 0 , 22 , 48 , 58 , 60 , 78 , 54 , 47 , 80 , 98 , 113 , 102 , 106 , 142 , 191 , 249 , 216 , 180 , 127 , 73 , 22 , 128 , 880 ," 1,061 ", 621 ," 1,015 ",
22,221007,48,静岡県,静岡市,葵区,安倍口,,2023/12/31,総数," 4,921 ", 13 , 21 , 28 , 32 , 33 , 26 , 32 , 37 , 23 , 28 , 41 , 37 , 39 , 32 , 37 , 38 , 43 , 41 , 35 , 38 , 30 , 37 , 40 , 24 , 28 , 22 , 32 , 24 , 27 , 27 , 28 , 29 , 36 , 31 , 34 , 41 , 40 , 30 , 41 , 35 , 53 , 40 , 51 , 37 , 59 , 59 , 62 , 62 , 71 , 77 , 71 , 97 , 64 , 83 , 76 , 85 , 73 , 50 , 58 , 70 , 65 , 54 , 65 , 60 , 61 , 53 , 63 , 68 , 52 , 74 , 87 , 78 , 92 , 102 , 121 , 116 , 124 , 62 , 61 , 82 , 84 , 94 , 111 , 80 , 67 , 53 , 63 , 39 , 41 , 29 , 29 , 28 , 25 , 12 , 11 , 12 , 5 , 5 , 2 , 1 , 2 , 0 , 127 , 146 , 186 , 195 , 159 , 132 , 158 , 187 , 240 , 331 , 391 , 336 , 305 , 310 , 480 , 445 , 436 , 225 , 105 , 25 , 459 ," 2,434 "," 2,028 "," 1,238 "," 2,312 ",
22,221007,49,静岡県,静岡市,葵区,美和,,2023/12/31,総数," 2,128 ", 4 , 8 , 1 , 6 , 3 , 5 , 10 , 8 , 9 , 17 , 10 , 11 , 9 , 22 , 9 , 19 , 12 , 12 , 16 , 12 , 13 , 11 , 11 , 4 , 8 , 7 , 7 , 8 , 9 , 6 , 9 , 10 , 3 , 8 , 8 , 15 , 14 , 13 , 17 , 17 , 15 , 24 , 23 , 22 , 15 , 28 , 37 , 29 , 17 , 26 , 24 , 25 , 30 , 26 , 29 , 26 , 26 , 17 , 27 , 15 , 25 , 28 , 21 , 14 , 25 , 23 , 29 , 37 , 34 , 36 , 39 , 58 , 59 , 71 , 69 , 69 , 75 , 42 , 37 , 51 , 45 , 44 , 38 , 46 , 25 , 34 , 23 , 24 , 19 , 26 , 13 , 14 , 16 , 6 , 8 , 6 , 8 , 4 , 0 , 3 , 2 , 0 , 22 , 49 , 61 , 71 , 47 , 37 , 38 , 76 , 99 , 137 , 134 , 111 , 113 , 159 , 296 , 274 , 198 , 126 , 57 , 21 , 132 , 863 ," 1,133 ", 678 ," 1,185 ",
22,221007,50,静岡県,静岡市,葵区,足久保,,2023/12/31,総数," 3,629 ", 10 , 21 , 20 , 13 , 16 , 24 , 17 , 32 , 25 , 26 , 27 , 29 , 29 , 36 , 37 , 50 , 47 , 47 , 37 , 37 , 46 , 28 , 41 , 23 , 21 , 16 , 15 , 14 , 13 , 18 , 10 , 21 , 15 , 24 , 20 , 27 , 32 , 30 , 40 , 40 , 43 , 37 , 40 , 42 , 35 , 52 , 68 , 71 , 68 , 70 , 71 , 73 , 54 , 63 , 41 , 58 , 56 , 27 , 31 , 41 , 37 , 36 , 33 , 35 , 48 , 35 , 36 , 47 , 62 , 43 , 59 , 71 , 74 , 78 , 82 , 92 , 73 , 48 , 47 , 58 , 62 , 51 , 47 , 36 , 30 , 24 , 30 , 24 , 13 , 16 , 12 , 16 , 14 , 15 , 11 , 3 , 5 , 4 , 2 , 1 , 4 , 0 , 80 , 124 , 158 , 218 , 159 , 76 , 90 , 169 , 197 , 329 , 302 , 213 , 189 , 223 , 364 , 318 , 226 , 107 , 68 , 15 , 362 ," 1,942 "," 1,325 ", 738 ," 1,531 ",
22,221007,51,静岡県,静岡市,葵区,松野,,2023/12/31,総数," 1,102 ", 3 , 2 , 7 , 4 , 5 , 4 , 3 , 3 , 4 , 9 , 9 , 5 , 12 , 8 , 10 , 7 , 8 , 5 , 7 , 6 , 6 , 7 , 12 , 8 , 5 , 6 , 9 , 3 , 9 , 7 , 6 , 3 , 7 , 10 , 12 , 5 , 8 , 11 , 11 , 10 , 5 , 8 , 19 , 11 , 14 , 16 , 6 , 14 , 14 , 11 , 13 , 11 , 20 , 17 , 10 , 12 , 21 , 14 , 17 , 18 , 15 , 15 , 17 , 15 , 17 , 15 , 23 , 24 , 22 , 28 , 20 , 24 , 12 , 22 , 28 , 30 , 19 , 16 , 13 , 18 , 16 , 19 , 14 , 15 , 17 , 12 , 12 , 6 , 9 , 7 , 9 , 8 , 4 , 2 , 2 , 5 , 4 , 0 , 0 , 1 , 0 , 0 , 21 , 23 , 44 , 33 , 38 , 34 , 38 , 45 , 57 , 61 , 71 , 82 , 79 , 112 , 106 , 96 , 81 , 46 , 25 , 10 , 88 , 538 , 476 , 258 , 489 ,
22,221007,52,静岡県,静岡市,葵区,清沢,,2023/12/31,総数, 904 , 1 , 1 , 5 , 1 , 1 , 3 , 3 , 1 , 2 , 3 , 4 , 2 , 8 , 6 , 2 , 7 , 5 , 3 , 4 , 6 , 6 , 4 , 4 , 4 , 6 , 4 , 5 , 3 , 2 , 5 , 3 , 2 , 4 , 1 , 3 , 3 , 9 , 13 , 5 , 8 , 4 , 7 , 10 , 9 , 9 , 9 , 8 , 8 , 3 , 6 , 10 , 7 , 17 , 13 , 13 , 12 , 10 , 4 , 11 , 11 , 16 , 10 , 18 , 16 , 15 , 18 , 22 , 23 , 15 , 21 , 16 , 28 , 22 , 27 , 16 , 33 , 18 , 9 , 9 , 21 , 13 , 15 , 13 , 13 , 12 , 12 , 18 , 13 , 10 , 14 , 10 , 6 , 12 , 6 , 6 , 6 , 0 , 2 , 3 , 1 , 3 , 0 , 9 , 12 , 22 , 25 , 24 , 19 , 13 , 38 , 39 , 34 , 60 , 48 , 75 , 99 , 109 , 90 , 66 , 67 , 40 , 12 , 43 , 375 , 486 , 278 , 450 ,
22,221007,54,静岡県,静岡市,葵区,大川,,2023/12/31,総数, 610 , 0 , 3 , 0 , 3 , 1 , 2 , 2 , 0 , 2 , 1 , 2 , 4 , 2 , 1 , 3 , 1 , 1 , 2 , 5 , 1 , 3 , 1 , 2 , 4 , 0 , 2 , 5 , 1 , 4 , 2 , 3 , 5 , 3 , 4 , 1 , 2 , 3 , 4 , 3 , 2 , 7 , 6 , 5 , 5 , 7 , 1 , 6 , 3 , 4 , 10 , 6 , 9 , 9 , 5 , 5 , 7 , 5 , 5 , 5 , 8 , 8 , 12 , 10 , 11 , 13 , 10 , 5 , 10 , 15 , 11 , 17 , 7 , 17 , 16 , 22 , 18 , 14 , 6 , 13 , 15 , 13 , 14 , 9 , 12 , 9 , 12 , 13 , 12 , 12 , 5 , 7 , 5 , 6 , 1 , 9 , 2 , 2 , 1 , 3 , 1 , 4 , 0 , 7 , 7 , 12 , 10 , 10 , 14 , 16 , 14 , 30 , 24 , 34 , 30 , 54 , 51 , 79 , 66 , 57 , 54 , 28 , 9 , 26 , 236 , 348 , 218 , 354 ,
22,221007,56,静岡県,静岡市,葵区,玉川,,2023/12/31,総数, 842 , 1 , 2 , 2 , 3 , 2 , 2 , 3 , 1 , 3 , 3 , 0 , 2 , 2 , 2 , 2 , 4 , 1 , 6 , 4 , 8 , 4 , 3 , 6 , 4 , 3 , 3 , 2 , 1 , 10 , 1 , 2 , 8 , 5 , 7 , 9 , 2 , 6 , 7 , 6 , 9 , 5 , 9 , 7 , 7 , 6 , 2 , 7 , 6 , 8 , 15 , 9 , 5 , 4 , 7 , 9 , 12 , 9 , 7 , 8 , 10 , 12 , 11 , 21 , 15 , 17 , 18 , 22 , 15 , 17 , 23 , 21 , 22 , 24 , 22 , 20 , 21 , 15 , 10 , 10 , 13 , 26 , 10 , 10 , 11 , 15 , 9 , 17 , 16 , 11 , 12 , 9 , 10 , 8 , 5 , 1 , 6 , 6 , 2 , 3 , 1 , 2 , 0 , 10 , 12 , 8 , 23 , 20 , 17 , 31 , 30 , 34 , 38 , 34 , 46 , 76 , 95 , 109 , 69 , 72 , 65 , 33 , 18 , 30 , 349 , 463 , 259 , 437 ,
22,221007,57,静岡県,静岡市,葵区,大河内,,2023/12/31,総数, 530 , 0 , 2 , 0 , 0 , 1 , 1 , 1 , 1 , 3 , 2 , 3 , 3 , 2 , 1 , 2 , 0 , 0 , 2 , 2 , 3 , 5 , 5 , 4 , 4 , 3 , 4 , 2 , 2 , 2 , 2 , 1 , 0 , 4 , 4 , 2 , 2 , 4 , 5 , 2 , 4 , 5 , 3 , 4 , 8 , 3 , 5 , 4 , 6 , 6 , 5 , 5 , 6 , 6 , 4 , 5 , 8 , 3 , 3 , 5 , 5 , 5 , 5 , 12 , 10 , 9 , 15 , 10 , 13 , 9 , 9 , 15 , 8 , 13 , 15 , 15 , 13 , 11 , 7 , 5 , 12 , 11 , 11 , 11 , 12 , 8 , 8 , 10 , 13 , 14 , 4 , 7 , 7 , 4 , 0 , 2 , 1 , 4 , 2 , 1 , 0 , 0 , 0 , 3 , 8 , 11 , 7 , 21 , 12 , 11 , 17 , 23 , 26 , 26 , 24 , 41 , 56 , 66 , 48 , 53 , 49 , 20 , 8 , 22 , 208 , 300 , 178 , 267 ,
22,221007,58,静岡県,静岡市,葵区,梅ヶ島,,2023/12/31,総数, 406 , 2 , 1 , 0 , 1 , 1 , 0 , 1 , 0 , 0 , 1 , 2 , 2 , 4 , 2 , 3 , 3 , 3 , 2 , 2 , 1 , 1 , 1 , 2 , 7 , 1 , 1 , 4 , 0 , 4 , 0 , 3 , 5 , 1 , 1 , 3 , 2 , 3 , 2 , 4 , 3 , 1 , 0 , 3 , 1 , 2 , 3 , 3 , 1 , 1 , 0 , 6 , 7 , 3 , 3 , 5 , 6 , 8 , 4 , 4 , 5 , 7 , 11 , 7 , 5 , 9 , 7 , 10 , 12 , 3 , 11 , 10 , 5 , 9 , 10 , 10 , 7 , 14 , 4 , 4 , 6 , 6 , 6 , 9 , 3 , 10 , 10 , 12 , 6 , 8 , 5 , 2 , 6 , 4 , 6 , 2 , 1 , 3 , 0 , 0 , 1 , 0 , 0 , 5 , 2 , 13 , 11 , 12 , 9 , 13 , 14 , 7 , 8 , 24 , 27 , 39 , 43 , 44 , 35 , 34 , 41 , 20 , 5 , 20 , 164 , 222 , 135 , 217 ,
22,221007,59,静岡県,静岡市,葵区,井川,,2023/12/31,総数, 376 , 0 , 1 , 0 , 1 , 0 , 1 , 1 , 1 , 1 , 0 , 0 , 0 , 0 , 0 , 1 , 2 , 1 , 1 , 1 , 1 , 0 , 1 , 1 , 2 , 2 , 1 , 5 , 2 , 2 , 3 , 5 , 2 , 0 , 3 , 0 , 2 , 0 , 2 , 1 , 3 , 4 , 3 , 2 , 5 , 1 , 3 , 4 , 4 , 2 , 2 , 0 , 3 , 4 , 7 , 4 , 4 , 6 , 3 , 5 , 6 , 4 , 4 , 6 , 7 , 3 , 6 , 6 , 13 , 9 , 7 , 6 , 10 , 3 , 9 , 13 , 6 , 6 , 8 , 6 , 6 , 5 , 9 , 9 , 9 , 12 , 6 , 10 , 7 , 10 , 7 , 6 , 7 , 5 , 2 , 3 , 5 , 1 , 2 , 0 , 0 , 1 , 0 , 2 , 4 , 1 , 6 , 6 , 13 , 10 , 8 , 15 , 15 , 18 , 24 , 24 , 41 , 41 , 32 , 44 , 40 , 23 , 8 , 7 , 139 , 230 , 148 , 251 ,
22,221007,60,静岡県,静岡市,駿河区,東源台,,2023/12/31,総数," 10,898 ", 72 , 70 , 80 , 93 , 82 , 94 , 92 , 106 , 101 , 83 , 111 , 111 , 114 , 110 , 112 , 112 , 90 , 117 , 93 , 133 , 120 , 133 , 144 , 148 , 159 , 132 , 129 , 145 , 119 , 127 , 114 , 126 , 106 , 99 , 126 , 152 , 125 , 132 , 121 , 117 , 126 , 132 , 137 , 137 , 132 , 158 , 170 , 151 , 149 , 186 , 191 , 188 , 177 , 178 , 192 , 167 , 201 , 106 , 168 , 134 , 130 , 132 , 117 , 131 , 90 , 130 , 97 , 87 , 99 , 116 , 102 , 145 , 109 , 121 , 142 , 172 , 127 , 83 , 77 , 108 , 98 , 93 , 99 , 76 , 62 , 47 , 72 , 48 , 51 , 33 , 33 , 33 , 26 , 14 , 22 , 14 , 9 , 4 , 8 , 3 , 8 , 0 , 397 , 476 , 558 , 545 , 704 , 652 , 571 , 647 , 664 , 814 , 926 , 776 , 600 , 529 , 619 , 567 , 428 , 251 , 128 , 38 ," 1,431 "," 6,899 "," 2,568 "," 1,420 "," 5,145 ",
22,221007,201,静岡県,静岡市,清水区,辻,,2023/12/31,総数," 6,318 ", 27 , 27 , 35 , 33 , 29 , 23 , 37 , 45 , 43 , 46 , 52 , 47 , 56 , 36 , 57 , 52 , 58 , 54 , 41 , 58 , 44 , 60 , 60 , 47 , 50 , 50 , 62 , 45 , 48 , 38 , 41 , 54 , 50 , 58 , 49 , 69 , 63 , 70 , 60 , 74 , 82 , 70 , 74 , 86 , 84 , 71 , 89 , 67 , 83 , 97 , 98 , 83 , 104 , 88 , 103 , 89 , 96 , 69 , 100 , 100 , 88 , 89 , 85 , 113 , 85 , 104 , 104 , 89 , 91 , 82 , 97 , 101 , 100 , 108 , 115 , 108 , 104 , 77 , 59 , 71 , 74 , 72 , 83 , 82 , 44 , 44 , 47 , 61 , 38 , 43 , 40 , 28 , 31 , 24 , 14 , 10 , 13 , 11 , 1 , 5 , 2 , 0 , 151 , 194 , 248 , 263 , 261 , 243 , 252 , 336 , 396 , 407 , 476 , 454 , 460 , 470 , 521 , 419 , 355 , 233 , 137 , 40 , 593 ," 3,548 "," 2,177 "," 1,186 "," 3,099 ",
22,221007,202,静岡県,静岡市,清水区,江尻,,2023/12/31,総数," 7,874 ", 25 , 29 , 35 , 49 , 46 , 38 , 54 , 52 , 47 , 66 , 49 , 81 , 53 , 64 , 66 , 58 , 73 , 62 , 82 , 82 , 57 , 68 , 82 , 64 , 85 , 66 , 59 , 46 , 65 , 54 , 58 , 61 , 50 , 63 , 62 , 59 , 63 , 66 , 75 , 76 , 93 , 93 , 84 , 89 , 64 , 95 , 118 , 110 , 102 , 152 , 142 , 138 , 148 , 126 , 149 , 143 , 117 , 97 , 143 , 118 , 119 , 117 , 106 , 87 , 115 , 84 , 86 , 103 , 127 , 105 , 94 , 103 , 121 , 132 , 155 , 158 , 134 , 90 , 66 , 106 , 90 , 89 , 110 , 96 , 58 , 66 , 67 , 54 , 61 , 53 , 34 , 29 , 30 , 27 , 24 , 22 , 14 , 8 , 13 , 4 , 6 , 0 , 184 , 257 , 313 , 357 , 356 , 290 , 294 , 339 , 423 , 577 , 703 , 618 , 544 , 505 , 605 , 554 , 443 , 301 , 144 , 61 , 754 ," 4,501 "," 2,619 "," 1,509 "," 3,853 ",
22,221007,203,静岡県,静岡市,清水区,入江,,2023/12/31,総数," 12,214 ", 62 , 75 , 65 , 69 , 76 , 85 , 79 , 86 , 98 , 93 , 99 , 77 , 132 , 101 , 119 , 100 , 104 , 126 , 110 , 119 , 109 , 110 , 87 , 128 , 117 , 98 , 128 , 105 , 98 , 111 , 129 , 127 , 132 , 134 , 99 , 117 , 146 , 119 , 135 , 117 , 138 , 144 , 133 , 144 , 140 , 187 , 147 , 181 , 169 , 190 , 170 , 205 , 211 , 201 , 188 , 163 , 205 , 126 , 181 , 185 , 163 , 146 , 149 , 141 , 146 , 157 , 136 , 136 , 144 , 159 , 149 , 167 , 169 , 163 , 214 , 211 , 183 , 116 , 106 , 153 , 163 , 151 , 150 , 144 , 108 , 107 , 114 , 81 , 67 , 76 , 75 , 50 , 50 , 39 , 22 , 22 , 22 , 15 , 9 , 4 , 8 , 0 , 347 , 441 , 528 , 559 , 551 , 540 , 621 , 634 , 699 , 874 , 975 , 860 , 745 , 732 , 862 , 769 , 716 , 445 , 236 , 72 ," 1,316 "," 7,058 "," 3,840 "," 2,246 "," 5,769 ",
22,221007,204,静岡県,静岡市,清水区,岡,,2023/12/31,総数," 11,839 ", 62 , 67 , 80 , 78 , 82 , 86 , 70 , 98 , 96 , 96 , 89 , 91 , 90 , 104 , 101 , 107 , 113 , 108 , 116 , 117 , 103 , 141 , 105 , 108 , 89 , 95 , 104 , 107 , 93 , 96 , 88 , 107 , 97 , 107 , 118 , 121 , 125 , 110 , 134 , 122 , 130 , 157 , 107 , 123 , 123 , 145 , 154 , 180 , 165 , 202 , 205 , 185 , 206 , 204 , 202 , 194 , 203 , 162 , 201 , 154 , 153 , 137 , 161 , 144 , 139 , 120 , 156 , 131 , 136 , 129 , 144 , 164 , 165 , 179 , 219 , 177 , 209 , 114 , 111 , 156 , 151 , 129 , 131 , 130 , 114 , 92 , 105 , 83 , 85 , 58 , 70 , 54 , 41 , 36 , 29 , 18 , 17 , 9 , 6 , 3 , 11 , 0 , 369 , 446 , 475 , 561 , 546 , 495 , 517 , 612 , 640 , 846 ," 1,002 ", 914 , 734 , 672 , 871 , 767 , 655 , 423 , 230 , 53 ," 1,290 "," 6,867 "," 3,682 "," 2,139 "," 5,476 ",
22,221007,205,静岡県,静岡市,清水区,清水,,2023/12/31,総数," 6,445 ", 19 , 17 , 26 , 23 , 22 , 20 , 30 , 37 , 31 , 32 , 46 , 38 , 41 , 48 , 51 , 49 , 50 , 51 , 65 , 48 , 68 , 54 , 62 , 50 , 74 , 50 , 25 , 51 , 33 , 49 , 54 , 37 , 51 , 46 , 51 , 52 , 49 , 45 , 65 , 48 , 54 , 48 , 72 , 67 , 67 , 70 , 83 , 85 , 92 , 112 , 114 , 107 , 126 , 103 , 113 , 84 , 118 , 71 , 100 , 95 , 108 , 99 , 91 , 84 , 88 , 75 , 90 , 86 , 88 , 91 , 96 , 94 , 107 , 123 , 125 , 140 , 135 , 94 , 79 , 105 , 97 , 88 , 90 , 91 , 63 , 61 , 64 , 51 , 60 , 39 , 50 , 36 , 34 , 22 , 19 , 12 , 8 , 7 , 7 , 2 , 7 , 0 , 107 , 150 , 224 , 263 , 308 , 208 , 239 , 259 , 308 , 442 , 563 , 468 , 470 , 430 , 545 , 553 , 429 , 275 , 161 , 36 , 481 ," 3,528 "," 2,436 "," 1,461 "," 3,194 ",
22,221007,206,静岡県,静岡市,清水区,不二見,,2023/12/31,総数," 10,948 ", 47 , 69 , 52 , 66 , 73 , 69 , 77 , 82 , 66 , 70 , 66 , 68 , 87 , 79 , 82 , 90 , 74 , 80 , 82 , 90 , 117 , 114 , 96 , 107 , 98 , 93 , 77 , 92 , 84 , 88 , 85 , 89 , 81 , 102 , 98 , 109 , 119 , 125 , 113 , 116 , 134 , 120 , 108 , 123 , 127 , 122 , 132 , 149 , 150 , 144 , 166 , 179 , 183 , 160 , 176 , 148 , 168 , 124 , 187 , 147 , 143 , 160 , 134 , 143 , 149 , 150 , 146 , 143 , 145 , 154 , 149 , 141 , 201 , 200 , 228 , 194 , 190 , 123 , 111 , 142 , 159 , 119 , 142 , 126 , 103 , 83 , 113 , 101 , 90 , 59 , 62 , 44 , 53 , 29 , 25 , 29 , 18 , 8 , 8 , 5 , 7 , 0 , 307 , 364 , 382 , 416 , 532 , 434 , 455 , 582 , 612 , 697 , 864 , 774 , 729 , 738 , 919 , 760 , 649 , 446 , 213 , 68 ," 1,053 "," 6,095 "," 3,800 "," 2,143 "," 5,219 ",
22,221007,207,静岡県,静岡市,清水区,駒越,,2023/12/31,総数," 7,429 ", 33 , 29 , 38 , 35 , 38 , 37 , 48 , 35 , 49 , 41 , 38 , 48 , 56 , 49 , 62 , 62 , 71 , 73 , 57 , 90 , 73 , 61 , 68 , 60 , 60 , 63 , 53 , 46 , 56 , 57 , 61 , 56 , 77 , 52 , 56 , 68 , 78 , 67 , 59 , 79 , 75 , 83 , 73 , 78 , 95 , 91 , 77 , 105 , 119 , 107 , 124 , 115 , 130 , 129 , 116 , 98 , 137 , 81 , 117 , 104 , 78 , 95 , 81 , 103 , 110 , 80 , 102 , 78 , 86 , 89 , 117 , 123 , 138 , 132 , 148 , 131 , 145 , 88 , 92 , 117 , 122 , 125 , 114 , 95 , 69 , 79 , 58 , 72 , 47 , 45 , 28 , 33 , 28 , 17 , 14 , 17 , 13 , 6 , 8 , 6 , 7 , 0 , 173 , 210 , 253 , 353 , 322 , 275 , 302 , 351 , 404 , 499 , 614 , 537 , 467 , 435 , 658 , 573 , 525 , 301 , 120 , 50 , 636 ," 4,124 "," 2,669 "," 1,576 "," 3,487 ",
22,221007,208,静岡県,静岡市,清水区,三保,,2023/12/31,総数," 8,447 ", 32 , 52 , 34 , 32 , 33 , 38 , 57 , 59 , 36 , 54 , 52 , 49 , 58 , 41 , 55 , 68 , 71 , 65 , 70 , 115 , 104 , 111 , 126 , 86 , 100 , 75 , 83 , 70 , 75 , 65 , 73 , 83 , 75 , 59 , 64 , 79 , 80 , 80 , 94 , 75 , 89 , 81 , 78 , 89 , 99 , 92 , 100 , 107 , 121 , 108 , 137 , 147 , 121 , 133 , 116 , 119 , 146 , 90 , 118 , 104 , 98 , 103 , 111 , 88 , 102 , 109 , 105 , 110 , 140 , 102 , 126 , 128 , 165 , 160 , 162 , 191 , 156 , 110 , 94 , 106 , 109 , 96 , 119 , 89 , 83 , 75 , 80 , 77 , 56 , 53 , 48 , 34 , 37 , 28 , 16 , 20 , 14 , 8 , 8 , 4 , 4 , 0 , 183 , 244 , 255 , 389 , 527 , 368 , 354 , 408 , 436 , 528 , 654 , 577 , 502 , 566 , 741 , 657 , 496 , 341 , 163 , 54 , 682 ," 4,743 "," 3,022 "," 1,715 "," 4,416 ",
22,221007,209,静岡県,静岡市,清水区,浜田,,2023/12/31,総数," 5,501 ", 16 , 19 , 21 , 24 , 25 , 37 , 29 , 33 , 25 , 37 , 33 , 28 , 35 , 31 , 32 , 33 , 38 , 36 , 39 , 40 , 35 , 43 , 46 , 63 , 51 , 48 , 43 , 43 , 45 , 38 , 42 , 38 , 34 , 37 , 50 , 49 , 49 , 46 , 58 , 46 , 49 , 54 , 49 , 56 , 65 , 62 , 67 , 86 , 69 , 84 , 86 , 85 , 83 , 80 , 84 , 81 , 82 , 61 , 86 , 81 , 78 , 85 , 89 , 83 , 89 , 80 , 68 , 66 , 71 , 83 , 94 , 81 , 101 , 98 , 116 , 114 , 122 , 58 , 61 , 78 , 76 , 70 , 81 , 58 , 51 , 48 , 66 , 64 , 62 , 38 , 36 , 29 , 31 , 24 , 23 , 18 , 15 , 4 , 9 , 7 , 11 , 0 , 105 , 161 , 159 , 186 , 238 , 217 , 201 , 248 , 273 , 368 , 418 , 391 , 424 , 368 , 490 , 433 , 336 , 278 , 143 , 53 , 425 ," 2,964 "," 2,112 "," 1,254 "," 3,003 ",
22,221007,210,静岡県,静岡市,清水区,飯田,,2023/12/31,総数," 21,206 ", 110 , 105 , 141 , 107 , 139 , 164 , 136 , 150 , 159 , 183 , 177 , 182 , 185 , 178 , 200 , 191 , 196 , 187 , 201 , 183 , 179 , 203 , 179 , 194 , 209 , 183 , 197 , 194 , 188 , 195 , 185 , 204 , 177 , 207 , 199 , 222 , 245 , 201 , 243 , 245 , 223 , 238 , 250 , 264 , 263 , 260 , 298 , 302 , 336 , 328 , 375 , 368 , 323 , 340 , 330 , 326 , 328 , 228 , 319 , 262 , 257 , 254 , 242 , 244 , 239 , 256 , 257 , 212 , 235 , 237 , 278 , 306 , 336 , 345 , 365 , 372 , 378 , 212 , 229 , 280 , 307 , 276 , 261 , 248 , 170 , 164 , 160 , 123 , 129 , 102 , 102 , 72 , 78 , 53 , 41 , 26 , 16 , 27 , 16 , 8 , 9 , 0 , 602 , 792 , 922 , 958 , 964 , 957 , 972 ," 1,156 "," 1,238 "," 1,524 "," 1,736 "," 1,463 "," 1,236 "," 1,197 "," 1,630 "," 1,471 "," 1,262 ", 678 , 346 , 93 ," 2,316 "," 12,204 "," 6,686 "," 3,859 "," 9,559 ",
22,221007,211,静岡県,静岡市,清水区,高部,,2023/12/31,総数," 20,236 ", 104 , 112 , 121 , 125 , 111 , 128 , 144 , 156 , 150 , 166 , 183 , 189 , 152 , 167 , 185 , 175 , 185 , 183 , 183 , 186 , 192 , 197 , 197 , 192 , 156 , 219 , 208 , 195 , 200 , 193 , 202 , 166 , 211 , 202 , 206 , 224 , 215 , 181 , 199 , 217 , 200 , 215 , 234 , 221 , 259 , 267 , 298 , 315 , 320 , 384 , 355 , 318 , 344 , 334 , 312 , 322 , 301 , 236 , 265 , 259 , 223 , 221 , 221 , 229 , 218 , 200 , 223 , 193 , 250 , 196 , 289 , 265 , 312 , 350 , 393 , 367 , 406 , 202 , 213 , 281 , 280 , 259 , 248 , 228 , 155 , 161 , 159 , 135 , 98 , 79 , 75 , 60 , 53 , 45 , 35 , 16 , 22 , 16 , 13 , 4 , 7 , 0 , 573 , 744 , 876 , 912 , 934 ," 1,015 ", 987 ," 1,036 "," 1,129 "," 1,584 "," 1,663 "," 1,383 "," 1,112 "," 1,062 "," 1,609 "," 1,469 "," 1,170 ", 632 , 268 , 71 ," 2,193 "," 11,755 "," 6,288 "," 3,617 "," 9,247 ",
22,221007,212,静岡県,静岡市,清水区,有度,,2023/12/31,総数," 35,781 ", 231 , 240 , 244 , 245 , 251 , 256 , 278 , 307 , 287 , 324 , 306 , 322 , 304 , 304 , 282 , 277 , 305 , 276 , 303 , 317 , 333 , 345 , 360 , 402 , 426 , 407 , 397 , 400 , 409 , 397 , 347 , 391 , 375 , 357 , 371 , 382 , 397 , 419 , 423 , 450 , 446 , 447 , 455 , 419 , 419 , 527 , 445 , 511 , 508 , 523 , 594 , 600 , 541 , 531 , 515 , 539 , 568 , 422 , 531 , 447 , 422 , 478 , 431 , 420 , 452 , 393 , 342 , 336 , 396 , 388 , 391 , 430 , 478 , 478 , 535 , 553 , 544 , 295 , 333 , 402 , 451 , 394 , 391 , 358 , 314 , 285 , 259 , 259 , 202 , 201 , 165 , 142 , 111 , 68 , 67 , 60 , 39 , 29 , 26 , 17 , 11 , 0 ," 1,211 "," 1,452 "," 1,518 "," 1,478 "," 1,866 "," 2,010 "," 1,841 "," 2,071 "," 2,186 "," 2,514 "," 2,781 "," 2,507 "," 2,203 "," 1,855 "," 2,312 "," 2,127 "," 1,908 "," 1,206 ", 553 , 171 ," 4,181 "," 21,457 "," 10,143 "," 5,976 "," 17,063 ",
22,221007,214,静岡県,静岡市,清水区,袖師,,2023/12/31,総数," 10,423 ", 45 , 55 , 49 , 55 , 58 , 69 , 68 , 73 , 63 , 60 , 71 , 78 , 77 , 91 , 81 , 83 , 87 , 92 , 102 , 95 , 105 , 96 , 90 , 109 , 92 , 78 , 89 , 82 , 88 , 99 , 87 , 103 , 95 , 109 , 103 , 100 , 104 , 107 , 114 , 96 , 120 , 112 , 133 , 108 , 122 , 135 , 138 , 133 , 144 , 160 , 187 , 175 , 167 , 177 , 160 , 155 , 188 , 101 , 161 , 118 , 149 , 136 , 152 , 145 , 143 , 144 , 125 , 130 , 130 , 102 , 132 , 143 , 164 , 177 , 188 , 173 , 192 , 111 , 98 , 136 , 129 , 113 , 141 , 126 , 104 , 88 , 73 , 97 , 74 , 53 , 64 , 40 , 36 , 35 , 22 , 27 , 17 , 7 , 7 , 4 , 4 , 0 , 262 , 333 , 398 , 459 , 492 , 436 , 497 , 521 , 595 , 710 , 866 , 723 , 725 , 631 , 804 , 710 , 613 , 385 , 197 , 62 , 993 ," 6,024 "," 3,406 "," 1,971 "," 4,862 ",
22,221007,215,静岡県,静岡市,清水区,庵原,,2023/12/31,総数," 8,701 ", 19 , 32 , 33 , 45 , 45 , 48 , 67 , 66 , 58 , 62 , 76 , 55 , 58 , 83 , 71 , 71 , 74 , 90 , 80 , 62 , 66 , 71 , 70 , 74 , 79 , 65 , 50 , 59 , 57 , 59 , 50 , 56 , 61 , 73 , 62 , 55 , 73 , 64 , 83 , 88 , 83 , 89 , 109 , 86 , 101 , 129 , 108 , 120 , 128 , 140 , 138 , 123 , 140 , 109 , 127 , 124 , 156 , 78 , 129 , 108 , 112 , 114 , 111 , 130 , 120 , 109 , 114 , 115 , 90 , 130 , 123 , 149 , 177 , 170 , 205 , 166 , 186 , 125 , 113 , 136 , 143 , 133 , 120 , 107 , 81 , 70 , 84 , 69 , 79 , 52 , 45 , 39 , 33 , 37 , 18 , 17 , 16 , 7 , 9 , 3 , 9 , 0 , 174 , 301 , 343 , 377 , 360 , 290 , 302 , 363 , 468 , 625 , 637 , 595 , 587 , 558 , 824 , 726 , 584 , 354 , 172 , 52 , 818 ," 4,604 "," 3,279 "," 1,897 "," 3,663 ",
22,221007,216,静岡県,静岡市,清水区,興津,,2023/12/31,総数," 11,752 ", 40 , 47 , 75 , 45 , 73 , 72 , 77 , 101 , 84 , 95 , 94 , 98 , 92 , 86 , 113 , 80 , 106 , 102 , 108 , 115 , 95 , 111 , 125 , 100 , 100 , 80 , 102 , 78 , 82 , 104 , 89 , 85 , 112 , 107 , 109 , 99 , 121 , 125 , 129 , 148 , 114 , 114 , 121 , 143 , 141 , 140 , 138 , 164 , 181 , 162 , 180 , 175 , 167 , 177 , 161 , 194 , 189 , 101 , 196 , 168 , 180 , 154 , 149 , 148 , 132 , 160 , 155 , 155 , 183 , 170 , 161 , 182 , 193 , 211 , 252 , 221 , 222 , 140 , 121 , 151 , 143 , 163 , 143 , 140 , 95 , 98 , 81 , 93 , 70 , 73 , 54 , 49 , 44 , 37 , 30 , 23 , 15 , 11 , 5 , 7 , 8 , 0 , 280 , 429 , 483 , 511 , 531 , 446 , 502 , 622 , 633 , 785 , 860 , 848 , 763 , 823 , 999 , 855 , 684 , 415 , 214 , 61 ," 1,192 "," 6,501 "," 4,059 "," 2,237 "," 5,302 ",
22,221007,217,静岡県,静岡市,清水区,小島,,2023/12/31,総数," 4,780 ", 15 , 13 , 14 , 18 , 17 , 19 , 25 , 29 , 29 , 26 , 32 , 45 , 44 , 41 , 32 , 41 , 45 , 30 , 32 , 35 , 36 , 44 , 27 , 32 , 36 , 38 , 25 , 30 , 25 , 23 , 24 , 27 , 29 , 40 , 38 , 32 , 37 , 44 , 40 , 41 , 46 , 65 , 45 , 47 , 57 , 57 , 53 , 61 , 78 , 73 , 71 , 54 , 68 , 61 , 60 , 65 , 74 , 45 , 68 , 74 , 62 , 59 , 58 , 79 , 77 , 85 , 79 , 81 , 86 , 82 , 101 , 116 , 101 , 95 , 117 , 125 , 114 , 51 , 41 , 82 , 68 , 64 , 70 , 57 , 44 , 56 , 47 , 36 , 34 , 15 , 29 , 13 , 16 , 19 , 15 , 8 , 9 , 4 , 6 , 1 , 6 , 0 , 77 , 128 , 194 , 183 , 175 , 141 , 158 , 194 , 260 , 322 , 314 , 326 , 335 , 413 , 530 , 413 , 303 , 188 , 92 , 28 , 399 ," 2,408 "," 1,973 "," 1,030 "," 2,134 ",
22,221007,220,静岡県,静岡市,清水区,両河内,,2023/12/31,総数," 2,507 ", 3 , 3 , 7 , 9 , 5 , 7 , 10 , 5 , 14 , 8 , 13 , 12 , 11 , 14 , 11 , 16 , 13 , 16 , 8 , 15 , 13 , 25 , 17 , 14 , 18 , 15 , 16 , 11 , 14 , 17 , 16 , 13 , 20 , 15 , 10 , 17 , 15 , 20 , 19 , 19 , 24 , 19 , 23 , 22 , 35 , 22 , 25 , 27 , 26 , 41 , 29 , 39 , 39 , 27 , 34 , 35 , 44 , 26 , 42 , 33 , 41 , 44 , 41 , 39 , 50 , 45 , 44 , 36 , 51 , 41 , 44 , 63 , 49 , 57 , 67 , 73 , 60 , 38 , 42 , 31 , 55 , 45 , 41 , 37 , 23 , 16 , 30 , 20 , 20 , 25 , 24 , 14 , 18 , 10 , 3 , 12 , 8 , 4 , 3 , 0 , 7 , 0 , 27 , 44 , 61 , 68 , 87 , 73 , 74 , 90 , 123 , 141 , 168 , 180 , 215 , 217 , 280 , 244 , 201 , 111 , 69 , 27 , 132 ," 1,219 "," 1,156 ", 659 ," 1,160 ",
22,221007,223,静岡県,静岡市,清水区,折戸,,2023/12/31,総数," 3,277 ", 8 , 5 , 13 , 10 , 9 , 14 , 7 , 13 , 13 , 11 , 13 , 14 , 18 , 21 , 22 , 25 , 18 , 22 , 42 , 94 , 59 , 72 , 42 , 31 , 34 , 22 , 29 , 29 , 18 , 28 , 20 , 29 , 15 , 27 , 10 , 19 , 23 , 17 , 22 , 25 , 22 , 27 , 25 , 37 , 29 , 38 , 30 , 40 , 41 , 52 , 48 , 38 , 47 , 45 , 43 , 58 , 63 , 37 , 57 , 51 , 35 , 46 , 34 , 40 , 40 , 38 , 50 , 46 , 38 , 46 , 40 , 50 , 49 , 64 , 58 , 66 , 77 , 56 , 43 , 54 , 46 , 53 , 53 , 50 , 35 , 39 , 50 , 34 , 35 , 20 , 19 , 11 , 16 , 10 , 8 , 11 , 7 , 7 , 2 , 5 , 5 , 0 , 45 , 58 , 88 , 201 , 238 , 126 , 101 , 106 , 140 , 201 , 221 , 266 , 195 , 218 , 261 , 296 , 237 , 178 , 64 , 32 , 191 ," 1,795 "," 1,291 ", 812 ," 1,846 ",
22,221007,224,静岡県,静岡市,清水区,船越,,2023/12/31,総数," 12,429 ", 85 , 84 , 85 , 83 , 69 , 92 , 109 , 114 , 96 , 100 , 106 , 95 , 116 , 113 , 120 , 102 , 151 , 121 , 110 , 149 , 118 , 93 , 99 , 106 , 110 , 111 , 108 , 111 , 117 , 133 , 117 , 115 , 118 , 117 , 134 , 124 , 148 , 119 , 107 , 131 , 145 , 158 , 142 , 128 , 136 , 166 , 183 , 194 , 173 , 192 , 203 , 226 , 214 , 206 , 187 , 185 , 202 , 143 , 155 , 178 , 157 , 131 , 149 , 135 , 140 , 133 , 139 , 130 , 151 , 117 , 153 , 145 , 148 , 191 , 198 , 178 , 188 , 145 , 140 , 163 , 172 , 177 , 152 , 121 , 114 , 105 , 89 , 95 , 83 , 68 , 52 , 54 , 48 , 30 , 31 , 11 , 15 , 10 , 3 , 3 , 13 , 0 , 406 , 511 , 550 , 633 , 526 , 580 , 601 , 629 , 709 , 908 ," 1,036 ", 863 , 712 , 670 , 835 , 814 , 736 , 440 , 215 , 42 ," 1,467 "," 7,197 "," 3,765 "," 2,260 "," 5,641 ",
22,221007,229,静岡県,静岡市,清水区,由比,,2023/12/31,総数," 7,169 ", 14 , 14 , 23 , 20 , 21 , 23 , 23 , 35 , 35 , 59 , 51 , 41 , 49 , 51 , 60 , 41 , 54 , 55 , 61 , 54 , 70 , 69 , 67 , 67 , 55 , 52 , 55 , 60 , 37 , 43 , 49 , 39 , 59 , 51 , 40 , 59 , 57 , 56 , 64 , 74 , 69 , 71 , 64 , 74 , 89 , 89 , 84 , 109 , 108 , 123 , 125 , 114 , 91 , 99 , 96 , 98 , 114 , 61 , 102 , 100 , 117 , 104 , 101 , 100 , 123 , 87 , 125 , 109 , 94 , 102 , 135 , 131 , 124 , 144 , 166 , 164 , 161 , 85 , 68 , 116 , 81 , 108 , 109 , 96 , 70 , 56 , 71 , 71 , 67 , 49 , 51 , 41 , 29 , 30 , 22 , 18 , 19 , 8 , 11 , 4 , 15 , 0 , 92 , 175 , 252 , 265 , 328 , 247 , 238 , 310 , 367 , 513 , 525 , 475 , 545 , 517 , 700 , 594 , 464 , 314 , 173 , 60 , 519 ," 3,813 "," 2,837 "," 1,620 "," 3,143 ",
22,221007,231,静岡県,静岡市,清水区,蒲原,,2023/12/31,総数," 10,373 ", 31 , 48 , 41 , 56 , 59 , 61 , 48 , 65 , 61 , 70 , 56 , 82 , 63 , 71 , 67 , 71 , 81 , 74 , 89 , 81 , 113 , 81 , 104 , 86 , 84 , 87 , 85 , 78 , 89 , 90 , 76 , 80 , 69 , 93 , 67 , 99 , 83 , 86 , 96 , 101 , 99 , 91 , 96 , 106 , 119 , 135 , 153 , 147 , 165 , 146 , 181 , 155 , 150 , 159 , 152 , 156 , 143 , 123 , 161 , 161 , 167 , 145 , 151 , 136 , 123 , 144 , 125 , 127 , 143 , 154 , 147 , 164 , 157 , 210 , 201 , 207 , 240 , 125 , 130 , 171 , 168 , 157 , 123 , 127 , 113 , 110 , 87 , 74 , 78 , 63 , 60 , 64 , 36 , 32 , 18 , 20 , 15 , 12 , 9 , 7 , 13 , 0 , 235 , 305 , 339 , 396 , 468 , 429 , 385 , 465 , 511 , 746 , 797 , 744 , 722 , 693 , 879 , 873 , 688 , 412 , 210 , 63 , 879 ," 5,663 "," 3,831 "," 2,259 "," 4,617 ",